,,,,,,,Year to Date,Totals,Total,Totals,Totals,Totals,Totals,Totals,Shooting,Shooting,Shooting,Per Game,Per Game,Per Game,Per Game,Advanced,Advanced,Advanced,Advanced
DraftYr,Round,Pk,Tm,Player,College,CollegeYrs,Salary,Championships,Career,G,MP,PTS,TRB,AST,FG%,3P%,FT%,MP,PTS,TRB,AST,WS,WS/48,BPM,VORP
2006,1,1,TOR,Andrea Bargnani,,0,"$74,269,408.00",0,10,550,15806,7873,2541,653,.439,.354,.824,28.7,14.3,4.6,1.2,18.9,.057,-2.2,-0.9
2006,1,2,CHI,LaMarcus Aldridge,University of Texas at Austin,2,"$128,724,912.00",0,11,794,27568,15136,6589,1510,.486,.287,.802,34.7,19.1,8.3,1.9,86.7,.151,1.2,22.4
2006,1,3,CHA,Adam Morrison,Gonzaga University,3,"$16,920,989.00",2,3,161,3278,1200,342,222,.373,.331,.710,20.4,7.5,2.1,1.4,-1.4,-.021,-5.5,-2.9
2006,1,4,POR,Tyrus Thomas,Louisiana State University,1,"$37,230,751.00",0,8,402,7932,3093,1938,347,.438,.235,.732,19.7,7.7,4.8,0.9,13.0,.078,-1.1,1.7
2006,1,5,ATL,Shelden Williams,Duke University,4,"$9,522,840.00",0,6,361,5586,1618,1562,163,.462,.222,.740,15.5,4.5,4.3,0.5,9.9,.085,-2.8,-1.2
2006,1,6,MIN,Brandon Roy,University of Washington,4,"$46,295,950.00",0,6,326,11561,6136,1388,1517,.459,.348,.800,35.5,18.8,4.3,4.7,37.4,.155,3.2,15.2
2006,1,7,BOS,Randy Foye,Villanova University,4,"$31,106,401.00",0,11,752,19279,7729,1686,2112,.401,.366,.852,25.6,10.3,2.2,2.8,23.5,.058,-1.3,3.4
2006,1,8,HOU,Rudy Gay,University of Connecticut,2,"$118,553,601.00",0,11,753,26815,13860,4452,1710,.452,.345,.796,35.6,18.4,5.9,2.3,47.4,.085,0.5,16.8
2006,1,9,GSW,Patrick O'Bryant,Bradley University,2,"$5,930,890.00",0,4,90,524,186,127,25,.494,.000,.583,5.8,2.1,1.4,0.3,0.5,.046,-3.1,-0.2
2006,1,10,SEA,Mouhamed Sene,,0,"$9,737,316.00",0,3,47,260,103,75,1,.427,,.589,5.5,2.2,1.6,0.0,0.3,.052,-9.3,-0.5
2006,1,11,ORL,JJ Redick,Duke University,4,"$57,345,008.00",0,11,690,17165,8214,1324,1276,.447,.415,.888,24.9,11.9,1.9,1.8,46.5,.130,0.1,9.2
2006,1,12,NOK,Hilton Armstrong,University of Connecticut,4,"$10,308,102.00",0,6,292,3378,880,766,102,.501,.286,.582,11.6,3.0,2.6,0.3,3.9,.055,-2.8,-0.7
2006,1,13,PHI,Thabo Sefolosha,,,"$30,525,228.00",0,11,740,17211,4400,2875,1111,.446,.345,.732,23.3,5.9,3.9,1.5,34.6,.096,1.1,13.3
2006,1,14,UTA,Ronnie Brewer,University of Arkansas,3,"$18,742,359.00",0,8,502,11539,3940,1427,828,.490,.254,.675,23.0,7.8,2.8,1.6,30.4,.127,1.7,10.7
2006,1,15,NOK,Cedric Simmons,North Carolina State University,2,"$4,887,360.00",0,3,75,705,163,141,14,.409,,.390,9.4,2.2,1.9,0.2,0.1,.005,-5.7,-0.7
2006,1,16,CHI,Rodney Carney,University of Memphis,4,"$4,643,280.00",0,5,299,4600,1778,588,132,.422,.338,.704,15.4,5.9,2.0,0.4,6.2,.064,-2.7,-0.8
2006,1,17,IND,Shawne Williams,University of Memphis,4,"$14,325,132.00",0,7,314,5368,1769,945,220,.403,.339,.755,17.1,5.6,3.0,0.7,6.7,.060,-2.0,0.0
2006,1,18,WAS,Oleksiy Pecherov,,,"$4,340,160.00",0,3,111,1044,438,266,20,.386,.290,.793,9.4,3.9,2.4,0.2,0.5,.025,-7.0,-1.3
2006,1,19,SAC,Quincy Douby,Rutgers University,3,"$7,422,636.00",0,3,143,1535,588,152,93,.389,.312,.884,10.7,4.1,1.1,0.7,0.0,.000,-5.4,-1.3
2006,1,20,NYK,Renaldo Balkman,University of South Carolina,3,"$10,979,217.00",0,6,221,3064,894,769,132,.510,.172,.542,13.9,4.0,3.5,0.6,7.2,.113,0.9,2.2
2006,1,21,PHO,Rajon Rondo,University of Kentucky,2,"$84,282,883.00",1,11,714,23045,7606,3483,6075,.463,.304,.606,32.3,10.7,4.9,8.5,53.5,.111,1.8,22.0
2006,1,22,NJN,Marcus Williams,University of Connecticut,3,"$5,241,848.00",0,4,203,3095,1128,361,574,.386,.321,.767,15.2,5.6,1.8,2.8,0.0,-.001,-4.6,-2.0
2006,1,23,NJN,Josh Boone,University of Connecticut,3,"$5,456,088.00",0,4,256,4482,1340,1258,125,.544,,.445,17.5,5.2,4.9,0.5,9.1,.097,-1.9,0.1
2006,1,24,MEM,Kyle Lowry,Villanova University,2,"$40,757,916.00",0,11,713,22058,10162,2908,4123,.424,.364,.799,30.9,14.3,4.1,5.8,69.9,.152,3.7,31.5
2006,1,25,CLE,Shannon Brown,Michigan State University,3,"$7,853,038.00",3,9,408,7329,3118,760,458,.420,.332,.807,18.0,7.6,1.9,1.1,9.2,.060,-2.3,-0.6
2006,1,26,LAL,Jordan Farmar,University of California Los Angeles,2,"$16,975,920.00",2,10,504,9840,3888,958,1453,.423,.374,.739,19.5,7.7,1.9,2.9,13.9,.068,-1.4,1.6
2006,1,27,PHO,Sergio Rodriguez,,,"$4,027,696.00",0,5,353,5281,1747,525,1183,.409,.337,.739,15.0,4.9,1.5,3.4,4.3,.039,-3.2,-1.6
2006,1,28,DAL,Maurice Ager,Michigan State University,4,"$2,923,320.00",0,4,82,505,169,46,19,.339,.250,.566,6.2,2.1,0.6,0.2,-0.9,-.089,-10.4,-1.1
2006,1,29,NYK,Mardy Collins,Temple University,4,"$4,769,702.00",0,4,189,2771,742,336,327,.380,.299,.599,14.7,3.9,1.8,1.7,-1.6,-.027,-4.9,-2.0
2006,2,30,POR,Joel Freeland,,,"$8,925,000.00",0,3,151,1821,477,518,65,.459,.000,.728,12.1,3.2,3.4,0.4,3.2,.084,-2.5,-0.2
2006,2,31,POR,James White,University of Cincinnati,4,"$2,240,586.00",1,3,67,583,182,68,35,.438,.340,.676,8.7,2.7,1.0,0.5,0.8,.062,-3.4,-0.2
2006,2,32,HOU,Steve Novak,Marquette University,4,"$13,482,904.00",1,11,467,5657,2177,591,132,.437,.430,.877,12.1,4.7,1.3,0.3,14.5,.123,-0.9,1.6
2006,2,33,ATL,Solomon Jones,University of South Florida,2,"$6,108,754.00",0,8,281,3092,839,654,99,.467,.111,.717,11.0,3.0,2.3,0.4,5.0,.078,-2.9,-0.7
2006,2,34,LAC,Paul Davis,Michigan State University,4,"$4,787,025.00",0,4,82,702,217,158,32,.402,.000,.732,8.6,2.6,1.9,0.4,0.5,.035,-4.7,-0.5
2006,2,35,TOR,PJ Tucker,University of Texas at Austin,3,"$16,500,000.00",0,6,418,11642,3201,2387,651,.432,.351,.751,27.9,7.7,5.7,1.6,21.1,.087,1.0,8.7
2006,2,36,MIN,Craig Smith,Boston College,4,"$7,100,000.00",0,6,403,6826,3080,1567,322,.553,.037,.661,16.9,7.6,3.9,0.8,16.0,.113,-1.5,0.9
2006,2,37,MIN,Bobby Jones,University of Washington,4,"$436,981.00",0,2,91,867,288,149,44,.442,.306,.685,9.5,3.2,1.6,0.5,1.1,.060,-3.5,-0.3
2006,2,38,GSW,Kosta Perovic,,,"$3,434,000.00",0,1,7,38,10,13,1,.300,,.667,5.4,1.4,1.9,0.1,0.0,.060,-6.7,0.0
2006,2,39,MIL,David Noel,University of North Carolina,4,"$412,718.00",0,1,68,792,184,123,65,.367,.321,.860,11.6,2.7,1.8,1.0,0.4,.024,-3.4,-0.3
2006,2,40,SEA,Denham Brown,University of Connecticut,4,$0.00,0,,,,,,,,,,,,,,,,,
2006,2,41,ORL,James Augustine,University of Illinois at Urbana-Champaign,4,"$412,718.00",0,2,27,156,42,33,4,.514,,.500,5.8,1.6,1.2,0.1,0.3,.101,-2.2,0.0
2006,2,42,CLE,Daniel Gibson,University of Texas at Austin,2,"$21,000,000.00",0,7,397,9316,3115,792,775,.402,.407,.780,23.5,7.8,2.0,2.0,16.0,.082,-1.0,2.3
2006,2,43,NOK,Marcus Vinicius,,,$0.00,0,2,26,172,50,19,7,.457,.421,.556,6.6,1.9,0.7,0.3,0.2,.056,-3.6,-0.1
2006,2,44,ORL,Lior Eliyahu,,,$0.00,0,,,,,,,,,,,,,,,,,
2006,2,45,IND,Alexander Johnson,Florida State University,3,"$2,684,495.00",0,2,102,1302,439,275,30,.517,,.672,12.8,4.3,2.7,0.3,1.5,.056,-4.3,-0.7
2006,2,46,UTA,Dee Brown,University of Illinois at Urbana-Champaign,4,$0.00,0,2,68,711,140,69,119,.340,.250,.643,10.5,2.1,1.0,1.8,0.1,.008,-4.1,-0.4
2006,2,47,UTA,Paul Millsap,Louisiana Tech University,3,"$90,868,890.00",0,11,837,24683,11890,6254,1922,.493,.328,.736,29.5,14.2,7.5,2.3,79.6,.155,3.4,33.5
2006,2,48,WAS,Vladimir Veremeenko,,,$0.00,0,,,,,,,,,,,,,,,,,
2006,2,49,DEN,Leon Powe,University of California,2,"$3,375,325.00",1,5,239,3320,1484,911,78,.515,.000,.682,13.9,6.2,3.8,0.3,12.0,.174,-2.3,-0.2
2006,2,50,CHA,Ryan Hollins,University of California Los Angeles,4,"$8,876,610.00",0,10,518,6134,1913,1140,151,.584,.000,.649,11.8,3.7,2.2,0.3,10.4,.081,-2.6,-1.0
2006,2,51,LAL,Cheikh Samb,,,$0.00,0,2,22,114,22,31,1,.250,.000,.444,5.2,1.0,1.4,0.0,-0.1,-.056,-9.2,-0.2
2006,2,52,LAC,Guillermo Diaz,University of Miami,3,$0.00,0,1,6,18,5,2,1,.250,.000,.600,3.0,0.8,0.3,0.2,0.0,.033,-5.9,0.0
2006,2,53,SEA,Yotam Halperin,,,$0.00,0,,,,,,,,,,,,,,,,,
2006,2,54,NJN,Hassan Adams,University of Arizona,4,"$412,718.00",0,2,73,547,185,84,14,.534,.000,.643,7.5,2.5,1.2,0.2,0.8,.072,-4.4,-0.3
2006,2,55,CLE,Ejike Ugboaja,,,$0.00,0,,,,,,,,,,,,,,,,,
2006,2,56,TOR,Edin Bavcic,,,$0.00,0,,,,,,,,,,,,,,,,,
2006,2,57,MIN,Loukas Mavrokefalidis,,,$0.00,0,,,,,,,,,,,,,,,,,
2006,2,58,DAL,J.R. Pinnock,George Washington University,3,$0.00,0,,,,,,,,,,,,,,,,,
2006,2,59,SAS,Damir Markota,,,$0.00,0,1,30,170,51,31,6,.365,.375,.636,5.7,1.7,1.0,0.2,-0.2,-.070,-9.0,-0.3
2006,2,60,DET,Will Blalock,Iowa State University,3,"$412,718.00",0,1,14,166,25,15,17,.300,.200,1.000,11.9,1.8,1.1,1.2,-0.1,-.032,-5.7,-0.2
2007,1,1,POR,Greg Oden,Ohio State University,1,"$24,795,444.00",0,3,105,2028,840,656,51,.574,,.658,19.3,8.0,6.2,0.5,7.3,.174,1.1,1.6
2007,1,2,SEA,Kevin Durant,University of Texas at Austin,1,"$114,003,114.00",1,10,703,26278,19121,5031,2663,.488,.379,.882,37.4,27.2,7.2,3.8,119.8,.219,5.1,47.0
2007,1,3,ATL,Al Horford,University of Florida,3,"$80,560,600.00",0,10,646,21535,9240,5609,1926,.528,.346,.748,33.3,14.3,8.7,3.0,70.5,.157,3.0,27.2
2007,1,4,MEM,Mike Conley,Ohio State University,1,"$83,344,617.00",0,10,706,22985,10050,2061,4011,.443,.379,.815,32.6,14.2,2.9,5.7,62.8,.131,1.9,22.5
2007,1,5,BOS,Jeff Green,Georgetown University,3,"$72,767,976.00",0,9,705,21894,9528,3320,1135,.435,.333,.792,31.1,13.5,4.7,1.6,32.7,.072,-1.3,3.9
2007,1,6,MIL,Yi Jianlian,,,"$22,552,151.00",0,5,272,6038,2148,1339,192,.404,.333,.780,22.2,7.9,4.9,0.7,3.1,.025,-4.7,-4.1
2007,1,7,MIN,Corey Brewer,University of Florida,3,"$46,434,527.00",1,10,711,17038,6561,2049,1144,.424,.283,.713,24.0,9.2,2.9,1.6,19.2,.054,-1.0,4.2
2007,1,8,CHA,Brandan Wright,University of North Carolina,1,"$33,972,324.00",0,9,400,6568,2837,1465,186,.608,.000,.676,16.4,7.1,3.7,0.5,24.9,.182,1.7,6.1
2007,1,9,CHI,Joakim Noah,University of Florida,3,"$87,315,096.00",0,10,618,17863,5557,5790,1807,.490,.000,.699,28.9,9.0,9.4,2.9,59.6,.160,4.2,27.8
2007,1,10,SAC,Spencer Hawes,University of Washington,1,"$44,331,297.00",0,10,684,15541,5932,3893,1271,.457,.350,.716,22.7,8.7,5.7,1.9,22.6,.070,-0.7,5.0
2007,1,11,ATL,Acie Law,Texas A&M University,4,"$8,114,679.00",0,4,188,2385,725,195,309,.413,.235,.778,12.7,3.9,1.0,1.6,1.6,.032,-5.4,-2.0
2007,1,12,PHI,Thaddeus Young,Georgia Institute of Technology,1,"$70,614,937.00",0,10,739,22594,10065,4364,1134,.500,.327,.679,30.6,13.6,5.9,1.5,47.3,.100,0.4,13.6
2007,1,13,NOK,Julian Wright,University of Kansas,2,"$14,182,971.00",0,4,231,3049,907,531,182,.499,.262,.584,13.2,3.9,2.3,0.8,3.9,.061,-1.3,0.5
2007,1,14,LAC,Al Thornton,Florida State University,4,"$5,961,972.00",0,4,296,8274,3527,1233,353,.452,.293,.747,28.0,11.9,4.2,1.2,6.1,.035,-3.5,-3.1
2007,1,15,DET,Rodney Stuckey,Eastern Washington University,2,"$48,898,686.00",0,10,651,17890,8185,1912,2333,.423,.300,.824,27.5,12.6,2.9,3.6,28.7,.077,-1.4,2.7
2007,1,16,WAS,Nick Young,University of Southern California,3,"$33,499,809.00",0,10,636,14989,7604,1301,649,.419,.376,.835,23.6,12.0,2.0,1.0,16.9,.054,-3.4,-5.2
2007,1,17,NJN,Sean Williams,Boston College,3,"$6,247,726.00",0,4,137,1978,581,472,47,.511,.000,.624,14.4,4.2,3.4,0.3,3.0,.073,-2.0,0.0
2007,1,18,GSW,Marco Belinelli,,,"$30,072,723.00",1,10,644,14903,6209,1321,1080,.425,.377,.832,23.1,9.6,2.1,1.7,23.4,.076,-1.7,1.3
2007,1,19,LAL,Javaris Crittenton,Georgia Institute of Technology,1,"$6,707,847.00",0,2,113,1853,595,276,201,.442,.231,.638,16.4,5.3,2.4,1.8,0.1,.002,-4.3,-1.1
2007,1,20,MIA,Jason Smith,Colorado State University,3,"$27,478,833.00",0,9,563,9554,3599,1970,425,.473,.366,.777,17.0,6.4,3.5,0.8,13.9,.070,-2.5,-1.3
2007,1,21,PHI,Daequan Cook,Ohio State University,1,"$9,843,768.00",0,6,328,5993,2114,703,243,.369,.359,.813,18.3,6.4,2.1,0.7,4.9,.039,-3.6,-2.4
2007,1,22,CHA,Jared Dudley,Boston College,4,"$37,663,028.00",0,10,740,17766,6120,2527,1200,.468,.397,.732,24.0,8.3,3.4,1.6,39.5,.107,1.3,14.7
2007,1,23,NYK,Wilson Chandler,DePaul University,2,"$51,882,781.00",0,9,516,16030,7215,2816,925,.445,.339,.769,31.1,14.0,5.5,1.8,23.5,.070,-0.7,5.2
2007,1,24,PHO,Rudy Fernandez,,,"$8,941,046.00",0,4,249,5965,2254,608,554,.399,.360,.840,24.0,9.1,2.4,2.2,14.2,.114,1.8,5.7
2007,1,25,UTA,Morris Almond,Rice University,4,"$2,238,986.00",0,3,38,361,119,46,12,.381,.292,.743,9.5,3.1,1.2,0.3,0.0,.005,-6.4,-0.4
2007,1,26,HOU,Aaron Brooks,University of Oregon,4,"$14,520,184.00",0,9,613,13250,6184,1062,1905,.413,.370,.839,21.6,10.1,1.7,3.1,19.1,.069,-1.7,0.9
2007,1,27,DET,Arron Afflalo,University of California Los Angeles,3,"$33,950,297.00",0,10,709,20147,8019,2110,1356,.451,.386,.825,28.4,11.3,3.0,1.9,33.3,.079,-1.0,5.2
2007,1,28,SAS,Tiago Splitter,,,"$48,844,250.00",1,7,355,6812,2816,1779,423,.555,.143,.697,19.2,7.9,5.0,1.2,25.3,.178,1.9,6.7
2007,1,29,PHO,Alando Tucker,University of Wisconsin,5,"$6,220,680.00",0,3,51,426,211,49,16,.423,.294,.783,8.4,4.1,1.0,0.3,0.4,.045,-6.7,-0.5
2007,2,30,PHI,Petteri Koponen,,,$0.00,0,,,,,,,,,,,,,,,,,
2007,2,31,SEA,Carl Landry,Purdue University,3,"$37,500,000.00",0,9,513,11524,5541,2533,355,.535,.300,.785,22.5,10.8,4.9,0.7,35.9,.149,-1.1,2.6
2007,2,32,BOS,Gabe Pruitt,University of Southern California,3,"$2,300,994.00",1,2,62,461,125,51,52,.321,.283,.783,7.4,2.0,0.8,0.8,0.4,.043,-3.1,-0.1
2007,2,33,SAS,Marcus Williams,University of Arizona,3,"$5,241,848.00",0,2,13,39,14,12,3,.318,,,3.0,1.1,0.9,0.2,-0.1,-.084,-7.5,-0.1
2007,2,34,DAL,Nick Fazekas,University of Nevada Reno,4,"$125,636.00",0,1,26,269,107,89,11,.561,.000,.682,10.3,4.1,3.4,0.4,0.8,.148,-0.1,0.1
2007,2,35,SEA,Glen Davis,Louisiana State University,3,"$19,127,171.00",1,8,514,10865,4111,2236,457,.447,.182,.700,21.1,8.0,4.4,0.9,18.6,.082,-2.3,-0.8
2007,2,36,GSW,Jermareo Davidson,University of Alabama,4,"$422,725.00",0,2,52,433,162,96,14,.425,,.578,8.3,3.1,1.8,0.3,0.0,.000,-7.6,-0.6
2007,2,37,POR,Josh McRoberts,Duke University,2,"$18,717,621.00",0,10,431,8265,2333,1686,901,.464,.341,.705,19.2,5.4,3.9,2.1,18.5,.107,1.0,6.2
2007,2,38,PHI,Kyrylo Fesenko,,,"$4,867,743.00",0,5,135,1107,305,269,40,.496,.000,.410,8.2,2.3,2.0,0.3,0.9,.038,-4.0,-0.6
2007,2,39,MIA,Stanko Barac,,,$0.00,0,,,,,,,,,,,,,,,,,
2007,2,40,LAL,Sun Yue,,,"$1,472,840.00",1,1,10,28,6,0,2,.273,.000,,2.8,0.6,0.0,0.2,-0.1,-.226,-15.2,-0.1
2007,2,41,MIN,Chris Richard,University of Florida,4,"$1,072,788.00",0,2,70,780,135,194,25,.483,,.605,11.1,1.9,2.8,0.4,0.7,.045,-3.5,-0.3
2007,2,42,POR,Derrick Byars,Vanderbilt University,4,"$1,769,565.00",0,1,2,37,10,11,1,.273,.000,1.000,18.5,5.0,5.5,0.5,0.1,.147,0.6,0.0
2007,2,43,NOK,Adam Haluska,University of Iowa,4,$0.00,0,,,,,,,,,,,,,,,,,
2007,2,44,ORL,Reyshawn Terry,University of North Carolina,4,$0.00,0,,,,,,,,,,,,,,,,,
2007,2,45,LAC,Jared Jordan,Marist College,4,$0.00,0,,,,,,,,,,,,,,,,,
2007,2,46,GSW,Stephane Lasme,University of Massachusetts Amherst,4,"$67,844.00",0,1,16,303,83,53,3,.451,,.594,18.9,5.2,3.3,0.2,0.3,.041,-2.8,-0.1
2007,2,47,WAS,Dominic McGuire,California State University Fresno,3,"$1,418,666.00",0,6,342,5348,939,1169,422,.419,.188,.658,15.6,2.7,3.4,1.2,4.1,.037,-1.6,0.6
2007,2,48,LAL,Marc Gasol,,,"$108,357,438.00",0,9,643,21721,9592,4895,2086,.496,.347,.772,33.8,14.9,7.6,3.2,69.5,.154,3.7,31.2
2007,2,49,CHI,Aaron Gray,University of Pittsburgh,4,"$9,234,714.00",0,7,318,3851,1066,1190,207,.509,.000,.562,12.1,3.4,3.7,0.7,6.2,.077,-1.8,0.2
2007,2,50,DAL,Renaldas Seibutis,,,$0.00,0,,,,,,,,,,,,,,,,,
2007,2,51,CHI,JamesOn Curry,Oklahoma State University,3,"$427,163.00",0,1,1,0,0,0,0,,,,0.0,0.0,0.0,0.0,0.0,,,0.0
2007,2,52,POR,Taurean Green,University of Florida,3,"$427,163.00",0,1,17,74,27,10,11,.280,.182,.917,4.4,1.6,0.6,0.6,-0.1,-.066,-8.2,-0.1
2007,2,53,POR,Demetris Nichols,Syracuse University,4,"$427,163.00",0,2,18,58,22,7,2,.281,.200,.500,3.2,1.2,0.4,0.1,-0.2,-.203,-15.3,-0.2
2007,2,54,HOU,Brad Newley,,,$0.00,0,,,,,,,,,,,,,,,,,
2007,2,55,UTA,Herbert Hill,Providence College,4,$0.00,0,,,,,,,,,,,,,,,,,
2007,2,56,MIL,Ramon Sessions,University of Nevada Reno,3,"$33,290,105.00",0,10,663,15727,7005,1802,2730,.436,.316,.792,23.7,10.6,2.7,4.1,28.5,.087,-1.8,0.8
2007,2,57,DET,Sammy Mejia,DePaul University,4,"$427,163.00",0,,,,,,,,,,,,,,,,,
2007,2,58,SAS,Giorgos Printezis,,,$0.00,0,,,,,,,,,,,,,,,,,
2007,2,59,PHO,D.J. Strawberry,University of Maryland,4,"$711,517.00",0,1,33,270,73,28,30,.315,.240,.474,8.2,2.2,0.8,0.9,-0.2,-.031,-5.1,-0.2
2007,2,60,DAL,Milovan Rakovic,,,$0.00,0,,,,,,,,,,,,,,,,,
2008,1,1,CHI,Derrick Rose,University of Memphis,1,"$118,091,716.00",0,8,470,16292,9155,1735,2799,.451,.298,.820,34.7,19.5,3.7,6.0,34.4,.101,0.6,10.6
2008,1,2,MIA,Michael Beasley,Kansas State University,1,"$28,083,725.00",0,9,509,11973,6411,2387,640,.458,.347,.758,23.5,12.6,4.7,1.3,12.9,.052,-3.5,-4.4
2008,1,3,MIN,O.J. Mayo,University of Southern California,1,"$38,149,437.00",0,8,547,16919,7574,1706,1607,.429,.373,.820,30.9,13.8,3.1,2.9,21.8,.062,-0.8,5.1
2008,1,4,SEA,Russell Westbrook,University of California Los Angeles,2,"$78,200,548.00",0,9,668,22786,15156,4149,5293,.433,.313,.823,34.1,22.7,6.2,7.9,80.1,.169,6.5,48.5
2008,1,5,MEM,Kevin Love,University of California Los Angeles,1,"$99,749,095.00",1,9,576,18774,10593,6612,1368,.442,.364,.820,32.6,18.4,11.5,2.4,70.6,.180,3.0,23.5
2008,1,6,NYK,Danilo Gallinari,,,"$72,948,077.00",0,8,460,14322,7053,2151,899,.420,.370,.863,31.1,15.3,4.7,2.0,41.0,.137,1.1,11.1
2008,1,7,LAC,Eric Gordon,Indiana University,1,"$69,373,121.00",0,9,492,16471,8151,1251,1559,.431,.380,.816,33.5,16.6,2.5,3.2,26.3,.077,-0.6,5.7
2008,1,8,MIL,Joe Alexander,West Virginia University,3,"$5,840,869.00",0,2,67,745,282,120,44,.410,.340,.698,11.1,4.2,1.8,0.7,0.5,.030,-3.3,-0.2
2008,1,9,CHA,D.J. Augustin,University of Texas at Austin,2,"$23,969,285.00",0,9,651,15390,6214,1158,2491,.402,.371,.862,23.6,9.5,1.8,3.8,30.9,.096,-1.7,1.2
2008,1,10,NJN,Brook Lopez,Stanford University,2,"$60,398,230.00",0,9,562,18118,10444,4005,867,.506,.328,.794,32.2,18.6,7.1,1.5,49.6,.131,0.9,13.2
2008,1,11,IND,Jerryd Bayless,University of Arizona,1,"$31,030,604.00",0,9,513,10904,4393,1093,1501,.414,.366,.825,21.3,8.6,2.1,2.9,17.6,.078,-1.7,0.7
2008,1,12,SAC,Jason Thompson,Rider University,4,"$26,285,471.00",0,8,588,14819,5210,3880,635,.496,.143,.657,25.2,8.9,6.6,1.1,23.8,.077,-1.7,1.3
2008,1,13,POR,Brandon Rush,University of Kansas,3,"$14,675,667.00",1,9,481,10564,3250,1413,468,.426,.402,.706,22.0,6.8,2.9,1.0,11.2,.051,-1.7,0.7
2008,1,14,GSW,Anthony Randolph,Louisiana State University,1,"$13,673,791.00",0,6,252,3841,1789,1078,187,.453,.241,.740,15.2,7.1,4.3,0.7,5.8,.072,-2.1,-0.1
2008,1,15,PHO,Robin Lopez,Stanford University,2,"$50,896,695.00",0,9,628,14353,5483,3469,429,.526,.000,.761,22.9,8.7,5.5,0.7,38.3,.128,0.5,8.9
2008,1,16,PHI,Marreese Speights,University of Florida,2,"$24,272,206.00",1,9,653,9965,5190,2742,421,.464,.349,.800,15.3,7.9,4.2,0.6,25.2,.121,-2.8,-2.1
2008,1,17,TOR,Roy Hibbert,Georgetown University,4,"$57,089,669.00",0,9,662,16389,6611,4173,885,.465,.250,.755,24.8,10.0,6.3,1.3,35.9,.105,0.2,9.1
2008,1,18,WAS,JaVale McGee,University of Nevada Reno,2,"$41,626,895.00",1,9,493,8716,3866,2484,155,.554,.111,.575,17.7,7.8,5.0,0.3,23.2,.128,-0.7,2.9
2008,1,19,CLE,JJ Hickson,North Carolina State University,1,"$21,446,925.00",0,8,534,11925,5081,3639,449,.505,.000,.617,22.3,9.5,6.8,0.8,21.9,.088,-2.3,-0.9
2008,1,20,CHA,Alexis Ajinca,,,"$18,973,014.00",1,7,293,3905,1553,1150,143,.503,.286,.797,13.3,5.3,3.9,0.5,7.5,.093,-2.5,-0.5
2008,1,21,NJN,Ryan Anderson,University of California,2,"$58,931,325.00",0,9,556,14708,7316,3021,505,.422,.381,.861,26.5,13.2,5.4,0.9,42.2,.138,0.8,10.4
2008,1,22,ORL,Courtney Lee,Western Kentucky University,4,"$33,610,413.00",0,9,677,18855,6609,1817,1124,.451,.386,.848,27.9,9.8,2.7,1.7,34.3,.087,-0.2,8.7
2008,1,23,UTA,Kosta Koufos,Ohio State University,1,"$30,639,212.00",0,9,573,9378,3280,2803,236,.532,.000,.605,16.4,5.7,4.9,0.4,23.7,.121,-1.0,2.4
2008,1,24,SEA,Serge Ibaka,,,"$65,162,600.00",0,8,603,17521,7227,4413,384,.516,.369,.757,29.1,12.0,7.3,0.6,52.7,.144,0.7,12.1
2008,1,25,HOU,Nicolas Batum,,,"$73,417,147.00",0,9,628,19893,7600,3341,2305,.436,.357,.840,31.7,12.1,5.3,3.7,46.9,.113,2.7,23.4
2008,1,26,SAS,George Hill,Indiana University-Purdue University Indianapolis,4,"$44,482,762.00",0,9,599,17357,7039,1924,2003,.453,.380,.802,29.0,11.8,3.2,3.3,53.9,.149,2.1,18.0
2008,1,27,NOH,Darrell Arthur,University of Kansas,2,"$25,757,663.00",0,8,484,8804,3228,1753,400,.444,.352,.766,18.2,6.7,3.6,0.8,12.4,.067,-1.8,0.4
2008,1,28,MEM,Donte Greene,Syracuse University,1,"$5,969,828.00",0,4,253,4259,1541,600,183,.406,.304,.701,16.8,6.1,2.4,0.7,1.5,.017,-3.8,-2.0
2008,1,29,DET,D.J. White,Indiana University,4,"$5,370,629.00",0,6,138,2111,810,437,80,.507,.333,.720,15.3,5.9,3.2,0.6,3.8,.087,-3.3,-0.7
2008,2,30,BOS,J.R. Giddens,University of New Mexico,4,"$1,986,000.00",0,2,38,247,73,54,13,.476,.000,.565,6.5,1.9,1.4,0.3,0.1,.027,-4.6,-0.2
2008,2,31,MIN,Nikola Pekovic,,,"$62,015,800.00",0,6,271,6744,3405,1807,199,.518,,.760,24.9,12.6,6.7,0.7,18.8,.134,-0.8,2.0
2008,2,32,SEA,Walter Sharpe,University of Alabama at Birmingham,3,"$2,209,260.00",0,1,8,20,8,3,0,.364,.000,.000,2.5,1.0,0.4,0.0,-0.1,-.131,-16.5,-0.1
2008,2,33,POR,Joey Dorsey,University of Memphis,4,"$1,879,572.00",0,4,130,1488,344,513,55,.534,.000,.375,11.4,2.6,3.9,0.4,2.9,.092,-1.3,0.3
2008,2,34,MIN,Mario Chalmers,University of Kansas,3,"$21,756,000.00",2,8,580,15824,5236,1428,2215,.421,.358,.786,27.3,9.0,2.5,3.8,31.7,.096,0.5,10.1
2008,2,35,LAC,DeAndre Jordan,Texas A&M University,1,"$44,779,047.00",0,9,673,18621,6151,6817,440,.677,.091,.430,27.7,9.1,10.1,0.7,66.9,.173,2.2,19.6
2008,2,36,POR,Omer Asik,,,"$47,820,415.00",0,7,453,9034,2457,3315,277,.529,.000,.554,19.9,5.4,7.3,0.6,20.9,.111,-1.4,1.3
2008,2,37,MIL,Luc Mbah a Moute,University of California Los Angeles,3,"$22,672,428.00",0,9,621,14388,3895,2605,531,.452,.324,.659,23.2,6.3,4.2,0.9,23.1,.077,-0.9,4.1
2008,2,38,CHA,Kyle Weaver,Washington State University,4,"$3,386,198.00",0,3,73,1379,363,158,119,.441,.353,.736,18.9,5.0,2.2,1.6,1.5,.051,-1.3,0.3
2008,2,39,CHI,Sonny Weems,University of Arkansas,2,"$3,992,534.00",0,4,183,3335,1189,402,257,.465,.283,.702,18.2,6.5,2.2,1.4,0.0,.001,-4.2,-1.9
2008,2,40,NJN,Chris Douglas-Roberts,University of Memphis,3,"$1,243,614.00",0,6,222,4381,1571,472,254,.439,.329,.831,19.7,7.1,2.1,1.1,5.4,.059,-2.9,-1.0
2008,2,41,IND,Nathan Jawai,,,"$1,178,534.00",0,2,45,431,126,106,24,.435,.000,.684,9.6,2.8,2.4,0.5,0.2,.020,-4.0,-0.2
2008,2,42,SAC,Sean Singletary,University of Virginia,4,"$442,114.00",0,1,37,303,90,35,29,.365,.400,.857,8.2,2.4,0.9,0.8,0.0,.006,-4.9,-0.2
2008,2,43,SAC,Patrick Ewing,Georgetown University,4,$0.00,0,1,7,19,3,2,2,.000,.000,.750,2.7,0.4,0.3,0.3,-0.1,-.158,-9.3,0.0
2008,2,44,UTA,Ante Tomic,,,$0.00,0,,,,,,,,,,,,,,,,,
2008,2,45,SAS,Goran Dragic,,,"$60,790,725.00",0,9,647,17867,8631,1897,3115,.471,.363,.756,27.6,13.3,2.9,4.8,44.1,.119,1.4,15.3
2008,2,46,SEA,Trent Plaisted,Brigham Young University Hawaii,4,$0.00,0,,,,,,,,,,,,,,,,,
2008,2,47,WAS,Bill Walker,Kansas State University,2,$0.00,0,5,181,3016,1079,401,153,.446,.369,.760,16.7,6.0,2.2,0.8,5.0,.079,-1.3,0.5
2008,2,48,PHO,Malik Hairston,University of Oregon,4,"$1,889,886.00",0,2,62,472,149,77,29,.512,.167,.514,7.6,2.4,1.2,0.5,0.8,.086,-1.9,0.0
2008,2,49,GSW,Richard Hendrix,University of Alabama,3,$0.00,0,,,,,,,,,,,,,,,,,
2008,2,50,SEA,DeVon Hardin,University of California,4,$0.00,0,,,,,,,,,,,,,,,,,
2008,2,51,DAL,Shan Foster,Vanderbilt University,4,$0.00,0,,,,,,,,,,,,,,,,,
2008,2,52,MIA,Darnell Jackson,University of Kansas,4,"$1,186,420.00",0,3,138,1039,308,203,26,.449,.235,.644,7.5,2.2,1.5,0.2,1.3,.059,-4.9,-0.7
2008,2,53,UTA,Tadija Dragicevic,,,$0.00,0,,,,,,,,,,,,,,,,,
2008,2,54,HOU,Maarty Leunen,University of Oregon,4,$0.00,0,,,,,,,,,,,,,,,,,
2008,2,55,POR,Mike Taylor,Iowa State University,1,"$2,709,260.00",0,1,51,771,289,87,106,.412,.325,.691,15.1,5.7,1.7,2.1,-0.4,-.028,-5.5,-0.7
2008,2,56,SEA,Sasha Kaun,University of Kansas,4,"$2,609,240.00",1,1,25,95,23,26,3,.529,,.455,3.8,0.9,1.0,0.1,0.2,.096,-0.8,0.0
2008,2,57,SAS,James Gist,University of Maryland,4,$0.00,0,,,,,,,,,,,,,,,,,
2008,2,58,LAL,Joe Crawford,University of Kentucky,4,"$2,209,260.00",0,1,2,23,9,4,1,.300,.250,1.000,11.5,4.5,2.0,0.5,0.0,.037,-5.6,0.0
2008,2,59,DET,Deron Washington,Virginia Polytechnic Institute and State University,4,"$1,372,764.00",0,,,,,,,,,,,,,,,,,
2008,2,60,BOS,Semih Erden,,,"$1,997,994.00",0,2,69,928,262,190,29,.546,,.594,13.4,3.8,2.8,0.4,1.8,.094,-2.0,0.0
2009,1,1,LAC,Blake Griffin,University of Oklahoma,2,"$102,937,768.00",0,7,471,16567,10117,4424,1954,.518,.299,.673,35.2,21.5,9.4,4.1,62.4,.181,4.1,25.6
2009,1,2,MEM,Hasheem Thabeet,University of Connecticut,3,"$18,029,840.00",0,5,224,2357,483,595,27,.567,,.578,10.5,2.2,2.7,0.1,4.8,.099,-1.4,0.4
2009,1,3,OKC,James Harden,Arizona State University,2,"$62,920,389.00",0,8,615,20688,13618,3093,3527,.442,.364,.854,33.6,22.1,5.0,5.7,91.3,.212,6.0,41.7
2009,1,4,SAC,Tyreke Evans,University of Memphis,1,"$61,993,654.00",0,8,473,15233,7631,2254,2417,.444,.295,.757,32.2,16.1,4.8,5.1,23.9,.075,0.8,10.9
2009,1,5,MIN,Ricky Rubio,,,"$41,810,077.00",0,6,353,11217,3653,1498,2991,.375,.315,.830,31.8,10.3,4.2,8.5,23.2,.099,1.3,9.2
2009,1,6,MIN,Jonny Flynn,Syracuse University,2,"$9,576,000.00",0,3,163,3738,1504,307,634,.400,.338,.809,22.9,9.2,1.9,3.9,-1.1,-.015,-4.9,-2.7
2009,1,7,GSW,Stephen Curry,Davidson College,3,"$56,700,262.00",2,8,574,19897,13088,2502,3917,.476,.438,.901,34.7,22.8,4.4,6.8,84.2,.203,6.3,41.8
2009,1,8,NYK,Jordan Hill,University of Arizona,3,"$32,072,160.00",0,8,409,7692,3232,2389,322,.497,.136,.699,18.8,7.9,5.8,0.8,16.4,.102,-2.0,0.0
2009,1,9,TOR,DeMar DeRozan,University of Southern California,1,"$41,075,020.00",0,8,595,20275,11456,2424,1661,.446,.281,.828,34.1,19.3,4.1,2.8,44.4,.105,-0.9,5.5
2009,1,10,MIL,Brandon Jennings,,0,"$39,172,853.00",0,8,541,16639,7728,1628,3107,.388,.346,.795,30.8,14.3,3.0,5.7,29.8,.086,0.5,10.5
2009,1,11,NJN,Terrence Williams,University of Louisville,4,"$4,774,168.00",0,4,153,2922,1085,545,364,.412,.317,.659,19.1,7.1,3.6,2.4,-0.2,-.004,-3.8,-1.4
2009,1,12,CHA,Gerald Henderson,Duke University,3,"$33,311,520.00",0,8,535,13854,5987,1716,1009,.440,.327,.793,25.9,11.2,3.2,1.9,18.3,.063,-2.2,-0.9
2009,1,13,IND,Tyler Hansbrough,University of North Carolina,4,"$16,507,570.00",0,7,428,7233,2881,1808,181,.439,.136,.738,16.9,6.7,4.2,0.4,20.2,.134,-2.5,-1.0
2009,1,14,PHO,Earl Clark,University of Louisville,3,"$6,010,824.00",0,6,261,3630,1138,778,134,.403,.328,.664,13.9,4.4,3.0,0.5,2.9,.038,-3.6,-1.5
2009,1,15,DET,Austin Daye,Gonzaga University,2,"$9,370,982.00",1,6,293,4132,1522,764,212,.402,.351,.778,14.1,5.2,2.6,0.7,4.5,.053,-2.6,-0.6
2009,1,16,CHI,James Johnson,Wake Forest University,2,"$18,566,302.00",0,8,474,9355,3569,1632,866,.477,.296,.693,19.7,7.5,3.4,1.8,17.0,.087,1.3,7.7
2009,1,17,PHI,Jrue Holiday,University of California Los Angeles,1,"$49,991,908.00",0,8,504,16257,7191,1800,3147,.441,.366,.788,32.3,14.3,3.6,6.2,26.6,.078,0.9,12.0
2009,1,18,MIN,Ty Lawson,University of North Carolina,3,"$30,758,407.00",0,8,551,16088,6977,1506,3316,.460,.359,.770,29.2,12.7,2.7,6.0,42.1,.126,0.7,10.9
2009,1,19,ATL,Jeff Teague,Wake Forest University,2,"$31,663,717.00",0,8,600,16175,7545,1444,3310,.447,.355,.844,27.0,12.6,2.4,5.5,41.2,.122,0.2,8.8
2009,1,20,UTA,Eric Maynor,Virginia Commonwealth University,4,"$6,269,400.00",0,5,267,3896,1141,348,760,.392,.350,.721,14.6,4.3,1.3,2.8,3.3,.041,-4.7,-2.7
2009,1,21,NOH,Darren Collison,University of California Los Angeles,4,"$22,923,797.00",0,8,563,16635,7149,1475,2716,.469,.380,.852,29.5,12.7,2.6,4.8,35.5,.102,-0.3,7.2
2009,1,22,POR,Victor Claver,,,"$4,000,000.00",0,3,80,1072,258,178,56,.398,.293,.585,13.4,3.2,2.2,0.7,0.2,.011,-3.3,-0.4
2009,1,23,SAC,Omri Casspi,,,"$9,963,253.00",0,8,499,10699,4116,2040,585,.443,.367,.675,21.4,8.2,4.1,1.2,16.1,.072,-1.5,1.5
2009,1,24,DAL,Byron Mullens,Ohio State University,1,"$4,560,507.00",0,5,189,3446,1398,790,153,.408,.319,.706,18.2,7.4,4.2,0.8,0.6,.008,-4.6,-2.3
2009,1,25,OKC,Rodrigue Beaubois,,,"$5,695,573.00",1,4,182,2896,1286,338,374,.439,.325,.810,15.9,7.1,1.9,2.1,4.8,.079,-0.1,1.4
2009,1,26,CHI,Taj Gibson,University of Southern California,3,"$43,768,890.00",0,8,585,14657,5487,3689,577,.495,.114,.694,25.1,9.4,6.3,1.0,37.6,.123,-0.2,6.5
2009,1,27,MEM,DeMarre Carroll,University of Missouri,4,"$36,665,320.00",0,8,414,9502,3336,1571,469,.442,.361,.728,23.0,8.1,3.8,1.1,22.0,.111,1.2,7.8
2009,1,28,MIN,Wayne Ellington,University of North Carolina,3,"$15,471,442.00",0,8,515,10382,3869,1091,560,.412,.377,.850,20.2,7.5,2.1,1.1,10.7,.050,-2.7,-1.8
2009,1,29,LAL,Toney Douglas,Florida State University,4,"$8,532,453.00",0,8,394,7511,3009,875,889,.404,.354,.824,19.1,7.6,2.2,2.3,12.1,.077,-0.6,2.6
2009,2,30,CLE,Christian Eyenga,,,"$3,292,560.00",0,2,51,1049,320,137,40,.411,.277,.611,20.6,6.3,2.7,0.8,-0.4,-.020,-4.0,-0.5
2009,2,31,SAC,Jeff Pendergraph,Arizona State University,4,$0.00,0,6,237,2322,690,632,99,.553,.400,.776,9.8,2.9,2.7,0.4,6.3,.131,-1.4,0.4
2009,2,32,WAS,Jermaine Taylor,University of Central Florida,4,"$3,067,613.00",0,2,65,786,351,108,48,.441,.284,.730,12.1,5.4,1.7,0.7,0.2,.014,-4.6,-0.5
2009,2,33,POR,Dante Cunningham,Villanova University,4,"$13,271,881.00",0,8,578,12385,3522,2190,408,.471,.326,.650,21.4,6.1,3.8,0.7,20.6,.080,-1.0,3.0
2009,2,34,DEN,Sergio Llull,,,$0.00,0,,,,,,,,,,,,,,,,,
2009,2,35,DET,DaJuan Summers,Georgetown University,3,"$1,292,675.00",0,4,83,820,278,82,29,.384,.367,.642,9.9,3.3,1.0,0.3,-0.1,-.008,-6.4,-0.9
2009,2,36,MEM,Sam Young,University of Pittsburgh,4,"$3,297,015.00",0,4,249,3966,1436,573,180,.442,.280,.742,15.9,5.8,2.3,0.7,5.2,.063,-2.9,-0.9
2009,2,37,SAS,DeJuan Blair,University of Pittsburgh,2,"$8,760,293.00",0,7,424,7054,2865,2153,349,.524,.000,.608,16.6,6.8,5.1,0.8,19.0,.129,0.4,4.2
2009,2,38,POR,Jon Brockman,University of Washington,4,"$3,000,000.00",0,3,150,1570,320,472,49,.488,.000,.618,10.5,2.1,3.1,0.3,3.7,.113,-2.1,0.0
2009,2,39,DET,Jonas Jerebko,,,"$28,457,588.00",0,7,488,8971,3031,1988,387,.456,.352,.763,18.4,6.2,4.1,0.8,19.0,.102,-1.0,2.3
2009,2,40,CHA,Derrick Brown,Xavier University,3,"$1,219,783.00",0,3,171,2554,895,413,119,.515,.317,.637,14.9,5.2,2.4,0.7,4.5,.085,-1.6,0.2
2009,2,41,MIL,Jodie Meeks,University of Kentucky,3,"$23,322,195.00",0,8,454,10887,4450,982,505,.420,.376,.881,24.0,9.8,2.2,1.1,21.9,.097,-0.4,4.4
2009,2,42,LAL,Patrick Beverley,University of Arkansas,2,"$8,030,338.00",0,5,291,8290,2708,1185,980,.414,.375,.764,28.5,9.3,4.1,3.4,19.6,.113,1.9,8.1
2009,2,43,MIA,Marcus Thornton,Louisiana State University,2,"$31,875,600.00",0,8,483,11299,5750,1348,677,.425,.358,.830,23.4,11.9,2.8,1.4,20.0,.085,-0.8,3.4
2009,2,44,DET,Chase Budinger,University of Arizona,3,"$7,597,183.00",0,7,407,7998,3198,1240,473,.430,.352,.797,19.7,7.9,3.0,1.2,13.9,.083,-1.4,1.2
2009,2,45,MIN,Nick Calathes,University of Florida,2,"$1,306,662.00",0,2,129,2011,590,243,353,.441,.288,.581,15.6,4.6,1.9,2.7,2.6,.063,-0.7,0.6
2009,2,46,CLE,Danny Green,University of North Carolina,4,"$31,875,110.00",1,8,470,11762,4155,1603,761,.423,.400,.821,25.0,8.8,3.4,1.6,30.4,.124,3.3,15.7
2009,2,47,MIN,Henk Norel,,,$0.00,0,,,,,,,,,,,,,,,,,
2009,2,48,PHO,Taylor Griffin,University of Oklahoma,4,"$762,195.00",0,1,8,32,10,2,1,.400,.000,.500,4.0,1.3,0.3,0.1,0.0,-.039,-7.3,0.0
2009,2,49,ATL,Sergiy Gladyr,,,$0.00,0,,,,,,,,,,,,,,,,,
2009,2,50,UTA,Goran Suton,Michigan State University,4,$0.00,0,,,,,,,,,,,,,,,,,
2009,2,51,SAS,Jack McClinton,University of Miami,4,$0.00,0,,,,,,,,,,,,,,,,,
2009,2,52,IND,A.J. Price,University of Connecticut,3,"$511,426.00",0,6,261,3929,1523,377,567,.380,.316,.742,15.1,5.8,1.4,2.2,4.7,.058,-2.4,-0.4
2009,2,53,SAS,Nando De Colo,,,"$2,863,000.00",1,2,119,1414,453,211,203,.429,.363,.835,11.9,3.8,1.8,1.7,2.4,.081,-0.8,0.4
2009,2,54,CHA,Robert Vaden,University of Alabama at Birmingham,4,"$1,591,674.00",0,,,,,,,,,,,,,,,,,
2009,2,55,POR,Patrick Mills,Saint Mary's College of California,2,$0.00,0,8,441,7482,3464,674,957,.436,.395,.833,17.0,7.9,1.5,2.2,20.0,.128,0.9,5.5
2009,2,56,DAL,Ahmad Nivins,Saint Joseph's University,4,$0.00,0,,,,,,,,,,,,,,,,,
2009,2,57,PHO,Emir Preldzic,,,$0.00,0,,,,,,,,,,,,,,,,,
2009,2,58,BOS,Lester Hudson,University of Tennessee at Martin,2,"$1,627,488.00",0,4,57,594,268,77,71,.375,.277,.806,10.4,4.7,1.4,1.2,0.2,.016,-2.7,-0.1
2009,2,59,LAL,Chinemelu Elonu,Texas A&M University,3,$0.00,0,,,,,,,,,,,,,,,,,
2009,2,60,MIA,Robert Dozier,University of Memphis,4,"$473,604.00",0,,,,,,,,,,,,,,,,,
2010,1,1,WAS,John Wall,University of Kentucky,1,"$73,150,060.00",0,7,500,18031,9419,2217,4610,.433,.321,.791,36.1,18.8,4.4,9.2,40.5,.108,2.5,20.3
2010,1,2,PHI,Evan Turner,Ohio State University,3,"$44,965,700.00",0,7,534,15048,5619,2668,1968,.431,.298,.782,28.2,10.5,5.0,3.7,15.9,.051,-2.0,-0.1
2010,1,3,NJN,Derrick Favors,Georgia Institute of Technology,1,"$43,648,116.00",0,7,479,12348,5479,3435,510,.510,.154,.664,25.8,11.4,7.2,1.1,33.5,.130,0.8,8.7
2010,1,4,MIN,Wesley Johnson,Syracuse University,3,"$18,746,842.00",0,7,497,11452,3704,1636,561,.406,.337,.743,23.0,7.5,3.3,1.1,9.0,.038,-1.2,2.3
2010,1,5,SAC,DeMarcus Cousins,University of Kentucky,1,"$48,863,064.00",0,7,487,15570,10308,5267,1468,.459,.330,.736,32.0,21.2,10.8,3.0,36.9,.114,2.6,18.1
2010,1,6,GSW,Ekpe Udoh,Baylor University,3,"$14,354,428.00",0,5,270,4564,1072,860,179,.429,.000,.720,16.9,4.0,3.2,0.7,5.7,.060,-1.1,1.0
2010,1,7,DET,Greg Monroe,Georgetown University,2,"$35,735,866.00",0,7,538,15955,7572,4707,1216,.511,.000,.705,29.7,14.1,8.7,2.3,45.2,.136,2.0,16.2
2010,1,8,LAC,Al-Farouq Aminu,Wake Forest University,2,"$28,721,226.00",0,7,520,12520,3766,2948,639,.426,.324,.725,24.1,7.2,5.7,1.2,17.4,.067,-0.3,5.2
2010,1,9,UTA,Gordon Hayward,Butler University,2,"$57,456,653.00",0,7,516,16164,8077,2149,1762,.444,.368,.820,31.3,15.7,4.2,3.4,43.0,.128,2.0,16.3
2010,1,10,IND,Paul George,California State University Fresno,2,"$61,872,651.00",0,7,448,14692,8090,2816,1419,.432,.370,.850,32.8,18.1,6.3,3.2,44.5,.145,3.8,21.3
2010,1,11,NOH,Cole Aldrich,University of Kansas,3,"$16,517,824.00",0,7,318,3340,1038,1116,180,.531,,.748,10.5,3.3,3.5,0.6,9.6,.137,1.2,2.7
2010,1,12,MEM,Xavier Henry,University of Kansas,1,"$7,597,040.00",0,5,185,2905,1050,351,120,.406,.325,.635,15.7,5.7,1.9,0.6,0.8,.013,-5.1,-2.3
2010,1,13,TOR,Ed Davis,University of North Carolina,2,"$24,115,653.00",0,7,481,10036,3278,3063,398,.562,.000,.568,20.9,6.8,6.4,0.8,30.5,.146,1.1,7.9
2010,1,14,HOU,Patrick Patterson,University of Kentucky,3,"$27,135,303.00",0,7,477,11434,3746,2233,578,.459,.368,.744,24.0,7.9,4.7,1.2,25.0,.105,0.7,7.9
2010,1,15,MIL,Larry Sanders,Virginia Commonwealth University,3,"$19,846,730.00",0,6,238,4635,1520,1345,174,.480,.000,.553,19.5,6.4,5.7,0.7,10.3,.107,0.6,3.0
2010,1,16,MIN,Luke Babbitt,University of Nevada Reno,2,"$8,145,883.00",0,7,331,4617,1559,750,193,.406,.406,.743,13.9,4.7,2.3,0.6,6.3,.065,-2.7,-0.8
2010,1,17,CHI,Kevin Seraphin,,,"$14,464,400.00",0,7,423,6430,2516,1462,246,.489,.000,.715,15.2,5.9,3.5,0.6,5.9,.044,-3.9,-3.1
2010,1,18,OKC,Eric Bledsoe,University of Kentucky,1,"$48,834,307.00",0,7,418,11309,5480,1583,1924,.444,.334,.800,27.1,13.1,3.8,4.6,23.2,.099,1.9,11.2
2010,1,19,BOS,Avery Bradley,University of Texas at Austin,1,"$30,275,883.00",0,7,413,11619,5008,1264,703,.442,.366,.772,28.1,12.1,3.1,1.7,14.4,.060,-1.4,1.8
2010,1,20,SAS,James Anderson,Oklahoma State University,3,"$4,312,098.00",0,5,247,4320,1422,560,291,.411,.321,.755,17.5,5.8,2.3,1.2,3.3,.037,-2.8,-0.9
2010,1,21,OKC,Craig Brackins,Iowa State University,3,"$4,116,840.00",0,2,17,121,30,19,9,.265,.214,.500,7.1,1.8,1.1,0.5,-0.2,-.089,-9.1,-0.2
2010,1,22,POR,Elliot Williams,University of Memphis,2,"$4,993,747.00",0,4,109,1470,537,161,94,.421,.310,.669,13.5,4.9,1.5,0.9,0.7,.024,-5.3,-1.2
2010,1,23,MIN,Trevor Booker,Clemson University,4,"$26,226,120.00",0,7,464,9714,3251,2614,484,.515,.315,.626,20.9,7.0,5.6,1.0,23.3,.115,0.3,5.6
2010,1,24,ATL,Damion James,University of Texas at Austin,4,"$2,537,204.00",1,4,39,623,150,131,26,.415,.000,.667,16.0,3.8,3.4,0.7,0.0,-.001,-4.3,-0.4
2010,1,25,MEM,Dominique Jones,University of South Florida,3,"$3,579,960.00",1,3,80,741,246,114,144,.366,.095,.729,9.3,3.1,1.4,1.8,0.3,.017,-3.6,-0.3
2010,1,26,OKC,Quincy Pondexter,University of Washington,4,"$15,832,948.00",0,5,279,5042,1466,567,230,.424,.365,.732,18.1,5.3,2.0,0.8,9.1,.087,-1.0,1.2
2010,1,27,NJN,Jordan Crawford,Xavier University,2,"$5,696,958.00",0,5,276,6790,3399,699,870,.411,.314,.825,24.6,12.3,2.5,3.2,6.1,.043,-2.1,-0.2
2010,1,28,MEM,Greivis Vasquez,University of Maryland,4,"$22,838,814.00",0,7,401,9520,3591,1021,1935,.418,.349,.817,23.7,9.0,2.5,4.8,12.6,.064,-1.5,1.1
2010,1,29,ORL,Daniel Orton,University of Kentucky,1,"$3,050,059.00",0,3,51,542,143,126,24,.485,.000,.597,10.6,2.8,2.5,0.5,1.0,.093,-1.7,0.0
2010,2,30,WAS,Lazar Hayward,Marquette University,4,"$2,661,268.00",0,3,72,591,207,90,35,.347,.269,.767,8.2,2.9,1.3,0.5,0.2,.020,-4.6,-0.4
2010,2,31,NJN,Tibor Pleiss,,,"$5,900,000.00",0,1,12,82,24,15,2,.440,.000,1.000,6.8,2.0,1.3,0.2,-0.1,-.041,-8.1,-0.1
2010,2,32,MIA,Dexter Pittman,University of Texas at Austin,4,"$762,195.00",2,4,50,347,116,89,9,.450,,.545,6.9,2.3,1.8,0.2,0.5,.068,-6.0,-0.4
2010,2,33,SAC,Hassan Whiteside,Marshall University,1,"$2,481,666.00",0,5,217,5891,2942,2474,93,.585,,.611,27.1,13.6,11.4,0.4,25.2,.205,0.4,3.5
2010,2,34,POR,Armon Johnson,University of Nevada Reno,3,"$208,988.00",0,2,47,401,157,49,56,.458,.400,.679,8.5,3.3,1.0,1.2,-0.1,-.015,-6.2,-0.4
2010,2,35,WAS,Nemanja Bjelica,,,"$7,750,001.00",0,2,125,2265,711,454,162,.442,.344,.733,18.1,5.7,3.6,1.3,3.4,.072,-0.4,0.9
2010,2,36,DET,Terrico White,University of Mississippi,2,"$2,896,407.00",0,,,,,,,,,,,,,,,,,
2010,2,37,MIL,Darington Hobson,University of New Mexico,1,$0.00,0,1,5,39,4,3,6,.154,.000,,7.8,0.8,0.6,1.2,-0.2,-.225,-14.1,-0.1
2010,2,38,NYK,Andy Rautins,Syracuse University,4,"$2,177,744.00",0,1,5,24,8,1,3,.429,.250,.500,4.8,1.6,0.2,0.6,-0.2,-.314,-16.0,-0.1
2010,2,39,NYK,Landry Fields,Stanford University,4,"$19,985,799.00",0,5,255,6010,1731,1092,419,.473,.332,.666,23.6,6.8,4.3,1.6,10.5,.084,-0.1,2.8
2010,2,40,IND,Lance Stephenson,University of Cincinnati,1,"$21,435,000.00",0,7,358,8893,3106,1485,1081,.451,.307,.690,24.8,8.7,4.1,3.0,13.8,.074,-0.4,3.6
2010,2,41,MIA,Jarvis Varnado,Mississippi State University,4,"$171,696.00",1,2,37,397,107,72,16,.582,,.518,10.7,2.9,1.9,0.4,0.7,.089,-1.9,0.0
2010,2,42,MIA,Da'Sean Butler,West Virginia University,4,"$1,702,744.00",0,,,,,,,,,,,,,,,,,
2010,2,43,LAL,Devin Ebanks,West Virginia University,2,"$473,604.00",0,3,63,711,224,122,24,.385,.222,.722,11.3,3.6,1.9,0.4,0.5,.035,-4.7,-0.5
2010,2,44,MIL,Jerome Jordan,University of Tulsa,4,$0.00,0,2,65,491,180,132,17,.528,,.852,7.6,2.8,2.0,0.3,1.7,.168,0.0,0.2
2010,2,45,MIN,Paulao Prestes,,,$0.00,0,,,,,,,,,,,,,,,,,
2010,2,46,PHO,Gani Lawal,Georgia Institute of Technology,3,"$473,604.00",0,1,1,2,0,0,0,,,,2.0,0.0,0.0,0.0,0.0,-.009,-4.9,0.0
2010,2,47,MIL,Tiny Gallon,University of Oklahoma,1,$0.00,0,,,,,,,,,,,,,,,,,
2010,2,48,MIA,Latavious Williams,,0,$0.00,0,,,,,,,,,,,,,,,,,
2010,2,49,SAS,Ryan Richards,,,$0.00,0,,,,,,,,,,,,,,,,,
2010,2,50,DAL,Solomon Alabi,Florida State University,3,"$2,330,000.00",0,2,26,181,39,61,5,.314,,.700,7.0,1.5,2.3,0.2,0.0,.010,-5.4,-0.2
2010,2,51,OKC,Magnum Rolle,Louisiana Tech University,4,"$1,586,102.00",0,,,,,,,,,,,,,,,,,
2010,2,52,BOS,Luke Harangody,University of Notre Dame,4,"$1,054,389.00",0,2,70,871,253,196,36,.376,.241,.737,12.4,3.6,2.8,0.5,0.9,.048,-3.3,-0.3
2010,2,53,ATL,Pape Sy,,,"$1,262,476.00",0,1,3,21,7,3,2,.333,.000,1.000,7.0,2.3,1.0,0.7,0.0,-.047,-6.0,0.0
2010,2,54,LAC,Willie Warren,University of Oklahoma,2,"$1,288,872.00",0,1,19,134,37,12,27,.371,.333,.750,7.1,1.9,0.6,1.4,0.2,.065,-4.5,-0.1
2010,2,55,UTA,Jeremy Evans,Western Kentucky University,4,"$8,051,492.00",0,6,249,2621,877,640,107,.568,.231,.687,10.5,3.5,2.6,0.4,8.2,.150,1.1,2.0
2010,2,56,MIN,Hamady N'Diaye,Rutgers University,4,$0.00,0,3,33,157,20,25,3,.467,,.462,4.8,0.6,0.8,0.1,0.0,.013,-4.9,-0.1
2010,2,57,IND,Ryan Reid,Florida State University,4,"$950,000.00",0,1,5,17,8,2,0,.800,,,3.4,1.6,0.4,0.0,0.1,.142,-5.5,0.0
2010,2,58,LAL,Derrick Caracter,University of Texas at El Paso,3,$0.00,0,1,41,215,81,43,7,.485,,.739,5.2,2.0,1.0,0.2,0.3,.057,-4.9,-0.2
2010,2,59,ORL,Stanley Robinson,University of Connecticut,4,$0.00,0,,,,,,,,,,,,,,,,,
2010,2,60,PHO,Dwayne Collins,University of Miami,4,$0.00,0,,,,,,,,,,,,,,,,,
2011,1,1,CLE,Kyrie Irving,Duke University,1,"$57,243,574.00",1,6,381,13024,8232,1290,2114,.457,.383,.873,34.2,21.6,3.4,5.5,40.4,.149,2.9,16.2
2011,1,2,MIN,Derrick Williams,University of Arizona,2,"$24,876,268.00",0,6,426,8855,3807,1692,293,.434,.300,.710,20.8,8.9,4.0,0.7,14.1,.076,-3.2,-2.6
2011,1,3,UTA,Enes Kanter,,,"$52,391,852.00",0,6,445,9479,5031,2997,269,.530,.299,.768,21.3,11.3,6.7,0.6,26.6,.135,-2.5,-1.3
2011,1,4,CLE,Tristan Thompson,University of Texas at Austin,1,"$46,412,575.00",1,6,466,13381,4378,4026,385,.515,.000,.611,28.7,9.4,8.6,0.8,34.9,.125,-0.5,5.0
2011,1,5,TOR,Jonas Valanciunas,,,"$29,621,945.00",0,5,363,9483,4160,3085,240,.556,.250,.781,26.1,11.5,8.5,0.7,33.6,.170,-0.5,3.7
2011,1,6,WAS,Jan Vesely,,,"$9,746,880.00",0,3,162,2455,590,562,96,.521,.000,.408,15.2,3.6,3.5,0.6,4.0,.078,-0.6,0.9
2011,1,7,SAC,Bismack Biyombo,,,"$32,585,278.00",0,6,447,9557,2176,2945,189,.512,.000,.553,21.4,4.9,6.6,0.4,18.0,.090,-2.1,-0.2
2011,1,8,DET,Brandon Knight,University of Kentucky,1,"$37,696,087.00",0,6,382,11939,5820,1277,1629,.415,.357,.812,31.3,15.2,3.3,4.3,11.6,.047,-1.2,2.3
2011,1,9,CHA,Kemba Walker,University of Connecticut,3,"$34,765,131.00",0,6,443,15008,8137,1708,2380,.411,.351,.827,33.9,18.4,3.9,5.4,32.6,.104,2.2,15.8
2011,1,10,MIL,Jimmer Fredette,Brigham Young University,4,"$5,792,196.00",0,5,235,3148,1416,236,323,.412,.381,.876,13.4,6.0,1.0,1.4,2.4,.037,-4.0,-1.6
2011,1,11,GSW,Klay Thompson,Washington State University,3,"$41,907,055.00",2,6,464,15182,8854,1554,1045,.453,.419,.853,32.7,19.1,3.3,2.3,36.6,.116,0.5,9.6
2011,1,12,UTA,Alec Burks,University of Colorado,2,"$29,076,655.00",0,6,301,6618,3034,877,534,.428,.360,.752,22.0,10.1,2.9,1.8,9.6,.070,-2.1,-0.2
2011,1,13,PHO,Markieff Morris,University of Kansas,3,"$24,578,479.00",0,6,448,11801,5338,2511,759,.447,.331,.774,26.3,11.9,5.6,1.7,18.8,.077,-0.7,4.0
2011,1,14,HOU,Marcus Morris,University of Kansas,3,"$18,366,141.00",0,6,416,10916,4513,1767,647,.428,.355,.717,26.2,10.8,4.2,1.6,19.0,.084,-0.4,4.5
2011,1,15,IND,Kawhi Leonard,San Diego State University,2,"$42,447,142.00",1,6,398,12154,6508,2469,903,.495,.388,.847,30.5,16.4,6.2,2.3,55.4,.219,6.3,25.4
2011,1,16,PHI,Nikola Vucevic,University of Southern California,3,"$31,057,780.00",0,6,399,11912,5807,3954,812,.502,.297,.719,29.9,14.6,9.9,2.0,28.1,.113,0.6,7.9
2011,1,17,NYK,Iman Shumpert,Georgia Institute of Technology,3,"$26,168,982.00",1,6,370,9461,2737,1275,704,.396,.340,.764,25.6,7.4,3.4,1.9,11.6,.059,-0.3,4.1
2011,1,18,WAS,Chris Singleton,Florida State University,3,"$4,722,360.00",0,3,148,2605,612,472,92,.376,.319,.633,17.6,4.1,3.2,0.6,2.3,.042,-2.3,-0.2
2011,1,19,CHA,Tobias Harris,University of Tennessee,1,"$40,090,434.00",0,6,384,11077,5305,2168,608,.469,.332,.809,28.8,13.8,5.6,1.6,25.7,.111,-0.1,5.3
2011,1,20,MIN,Donatas Motiejunas,,,"$7,132,969.00",0,5,248,4553,1826,949,268,.469,.300,.600,18.4,7.4,3.8,1.1,7.2,.076,-2.0,0.0
2011,1,21,POR,Nolan Smith,Duke University,4,"$2,731,440.00",0,2,84,829,277,83,97,.371,.260,.714,9.9,3.3,1.0,1.2,-0.8,-.047,-6.5,-0.9
2011,1,22,DEN,Kenneth Faried,Morehead State University,4,"$29,497,975.00",0,6,409,10539,4858,3481,432,.544,.105,.653,25.8,11.9,8.5,1.1,34.6,.158,1.5,9.2
2011,1,23,HOU,Nikola Mirotic,,,"$16,631,175.00",0,3,218,4979,2354,1150,272,.409,.350,.798,22.8,10.8,5.3,1.2,13.4,.129,0.9,3.6
2011,1,24,OKC,Reggie Jackson,Boston College,3,"$34,750,975.00",0,6,403,9887,4919,1226,1748,.431,.321,.860,24.5,12.2,3.0,4.3,21.3,.103,0.2,5.4
2011,1,25,BOS,MarShon Brooks,Providence College,4,"$3,433,985.00",0,3,164,2876,1261,358,232,.442,.326,.748,17.5,7.7,2.2,1.4,2.5,.041,-2.5,-0.4
2011,1,26,DAL,Jordan Hamilton,University of Texas at Austin,2,"$4,578,932.00",0,5,151,2100,890,429,127,.408,.357,.670,13.9,5.9,2.8,0.8,3.0,.069,-1.5,0.3
2011,1,27,NJN,JaJuan Johnson,Purdue University,4,"$2,131,560.00",0,1,36,298,114,58,6,.446,,.667,8.3,3.2,1.6,0.2,0.2,.032,-6.3,-0.3
2011,1,28,CHI,Norris Cole,Cleveland State University,4,"$8,664,044.00",2,6,360,8018,2506,702,981,.407,.324,.743,22.3,7.0,2.0,2.7,3.0,.018,-4.0,-4.0
2011,2,29,SAS,Cory Joseph,University of Texas at Austin,1,"$12,608,621.00",1,6,364,7083,2479,821,904,.458,.317,.768,19.5,6.8,2.3,2.5,15.2,.103,-0.5,2.7
2011,2,30,CHI,Jimmy Butler,Marquette University,3,"$22,807,677.00",0,6,399,12880,6208,1921,1254,.448,.337,.828,32.3,15.6,4.8,3.1,49.3,.184,4.0,19.3
2011,2,31,MIA,Bojan Bogdanovic,,,"$10,434,163.00",0,3,238,6052,2700,745,278,.443,.369,.861,25.4,11.3,3.1,1.2,6.2,.049,-2.7,-1.1
2011,2,32,CLE,Justin Harper,University of Richmond,4,"$1,293,471.00",0,3,22,150,45,18,4,.340,.276,.333,6.8,2.0,0.8,0.2,-0.3,-.093,-8.4,-0.2
2011,2,33,DET,Kyle Singler,Duke University,4,"$12,472,500.00",0,5,344,7735,2303,1016,270,.419,.362,.793,22.5,6.7,3.0,0.8,10.1,.062,-1.6,0.9
2011,2,34,WAS,Shelvin Mack,Butler University,3,"$8,287,414.00",0,6,330,5781,2094,624,966,.426,.321,.748,17.5,6.3,1.9,2.9,7.5,.062,-2.5,-0.7
2011,2,35,SAC,Tyler Honeycutt,University of California Los Angeles,2,"$1,619,750.00",0,2,24,120,28,24,9,.314,.200,.714,5.0,1.2,1.0,0.4,-0.1,-.049,-6.4,-0.1
2011,2,36,NJN,Jordan Williams,University of Maryland,2,$0.00,0,1,43,635,197,156,11,.507,,.652,14.8,4.6,3.6,0.3,1.3,.101,-3.1,-0.2
2011,2,37,LAC,Trey Thompkins,University of Georgia,3,"$535,000.00",0,1,24,119,57,24,3,.393,.308,.714,5.0,2.4,1.0,0.1,0.0,.004,-8.9,-0.2
2011,2,38,HOU,Chandler Parsons,University of Florida,4,"$54,843,000.00",0,6,374,12005,5086,1805,1086,.466,.373,.711,32.1,13.6,4.8,2.9,28.0,.112,2.0,12.1
2011,2,39,CHA,Jeremy Tyler,,0,"$2,154,747.00",0,3,104,1034,373,269,25,.450,.000,.557,9.9,3.6,2.6,0.2,0.3,.014,-6.6,-1.2
2011,2,40,MIL,Jon Leuer,University of Wisconsin,4,"$14,368,061.00",0,6,328,5407,2196,1297,282,.479,.338,.765,16.5,6.7,4.0,0.9,12.2,.108,-1.1,1.2
2011,2,41,LAL,Darius Morris,University of Michigan,2,"$702,756.00",0,4,132,1464,430,126,189,.384,.322,.630,11.1,3.3,1.0,1.4,-0.3,-.010,-5.6,-1.3
2011,2,42,IND,Davis Bertans,,,"$543,471.00",0,1,67,808,303,98,46,.440,.399,.824,12.1,4.5,1.5,0.7,2.3,.135,1.8,0.8
2011,2,43,CHI,Malcolm Lee,University of California Los Angeles,3,"$2,094,952.00",0,3,36,534,140,65,51,.382,.294,.703,14.8,3.9,1.8,1.4,0.4,.040,-2.0,0.0
2011,2,44,GSW,Charles Jenkins,Hofstra University,4,"$473,604.00",0,2,110,1334,408,100,214,.434,.182,.754,12.1,3.7,0.9,1.9,0.5,.017,-5.9,-1.3
2011,2,45,NOH,Josh Harrellson,University of Kentucky,3,"$2,367,527.00",1,3,75,888,265,227,26,.438,.347,.629,11.8,3.5,3.0,0.3,2.1,.116,-0.7,0.3
2011,2,46,LAL,Andrew Goudelock,College of Charleston,4,"$200,600.00",0,3,49,475,197,34,24,.393,.345,.875,9.7,4.0,0.7,0.5,0.0,.003,-6.5,-0.5
2011,2,47,LAC,Travis Leslie,University of Georgia,3,"$1,262,195.00",0,1,10,45,14,9,5,.357,,.444,4.5,1.4,0.9,0.5,0.1,.060,-0.2,0.0
2011,2,48,ATL,Keith Benson,Oakland University,4,$0.00,0,1,3,9,0,3,0,.000,,,3.0,0.0,1.0,0.0,0.0,-.005,-10.4,0.0
2011,2,49,MEM,Josh Selby,University of Kansas,1,"$1,312,195.00",0,2,38,296,83,20,34,.330,.143,.720,7.8,2.2,0.5,0.9,-0.7,-.113,-10.1,-0.6
2011,2,50,PHI,Lavoy Allen,Temple University,4,"$7,110,000.00",0,6,388,6905,1847,1843,384,.471,.133,.682,17.8,4.8,4.8,1.0,13.8,.096,-1.2,1.3
2011,2,51,POR,Jon Diebler,Ohio State University,4,$0.00,0,,,,,,,,,,,,,,,,,
2011,2,52,DET,Vernon Macklin,University of Florida,4,$0.00,0,1,23,135,46,34,5,.543,,.571,5.9,2.0,1.5,0.2,0.5,.161,-0.6,0.0
2011,2,53,ORL,DeAndre Liggins,University of Kentucky,3,"$1,899,989.00",0,4,119,1183,245,177,74,.414,.348,.558,9.9,2.1,1.5,0.6,1.1,.044,-1.8,0.1
2011,2,54,CLE,Milan Macvan,,,$0.00,0,,,,,,,,,,,,,,,,,
2011,2,55,BOS,E'Twaun Moore,Purdue University,4,"$9,913,819.00",0,6,380,7106,2489,667,648,.435,.369,.749,18.7,6.6,1.8,1.7,7.5,.051,-2.2,-0.4
2011,2,56,LAL,Chukwudiebere Maduabum,,,$0.00,0,,,,,,,,,,,,,,,,,
2011,2,57,DAL,Targuy Ngombo,,,$0.00,0,,,,,,,,,,,,,,,,,
2011,2,58,LAL,Ater Majok,,,$0.00,0,,,,,,,,,,,,,,,,,
2011,2,59,SAS,Adam Hanga,,,$0.00,0,,,,,,,,,,,,,,,,,
2011,2,60,SAC,Isaiah Thomas,University of Washington,3,"$23,147,290.00",0,6,441,13214,8437,1140,2277,.443,.367,.876,30.0,19.1,2.6,5.2,45.4,.165,2.5,14.9
2012,1,1,NOH,Anthony Davis,University of Kentucky,1,"$45,314,760.00",0,5,335,11531,7497,3402,590,.513,.290,.787,34.4,22.4,10.2,1.8,48.8,.203,4.1,17.7
2012,1,2,CHA,Michael Kidd-Gilchrist,University of Kentucky,1,"$33,968,044.00",0,5,283,7668,2582,1805,369,.470,.206,.712,27.1,9.1,6.4,1.3,15.5,.097,-0.9,2.1
2012,1,3,WAS,Bradley Beal,University of Florida,1,"$40,955,264.00",0,5,324,10774,5728,1153,1003,.441,.399,.796,33.3,17.7,3.6,3.1,21.9,.098,0.3,6.2
2012,1,4,CLE,Dion Waiters,Syracuse University,2,"$19,719,270.00",0,5,335,9572,4438,891,909,.413,.346,.698,28.6,13.2,2.7,2.7,7.4,.037,-2.5,-1.1
2012,1,5,SAC,Thomas Robinson,University of Kansas,3,"$11,560,788.00",0,5,313,4204,1528,1507,190,.470,.000,.505,13.4,4.9,4.8,0.6,4.6,.053,-3.2,-1.3
2012,1,6,POR,Damian Lillard,Weber State University,4,"$38,173,592.00",0,5,396,14399,8880,1593,2447,.430,.370,.877,36.4,22.4,4.0,6.2,45.5,.152,3.2,18.7
2012,1,7,GSW,Harrison Barnes,University of North Carolina,2,"$12,645,278.00",1,5,386,11425,4605,1816,563,.453,.370,.776,29.6,11.9,4.7,1.5,22.2,.093,-1.0,2.9
2012,1,8,TOR,Terrence Ross,University of Washington,2,"$21,589,837.00",0,5,387,9192,3731,1013,362,.423,.374,.803,23.8,9.6,2.6,0.9,14.6,.076,-0.9,2.6
2012,1,9,DET,Andre Drummond,University of Connecticut,1,"$10,662,171.00",0,5,385,11439,5120,4945,277,.548,.263,.381,29.7,13.3,12.8,0.7,36.1,.151,0.7,7.7
2012,1,10,NOH,Austin Rivers,Duke University,1,"$21,128,036.00",0,5,347,7838,2919,681,745,.418,.345,.651,22.6,8.4,2.0,2.1,5.5,.033,-3.1,-2.1
2012,1,11,POR,Meyers Leonard,University of Illinois at Urbana-Champaign,2,"$18,955,963.00",0,5,299,4963,1714,1167,246,.461,.371,.825,16.6,5.7,3.9,0.8,9.4,.091,-2.1,-0.1
2012,1,12,HOU,Jeremy Lamb,University of Connecticut,2,"$15,970,304.00",0,5,276,4688,2214,830,316,.439,.324,.823,17.0,8.0,3.0,1.1,10.5,.108,-1.4,0.7
2012,1,13,PHO,Kendall Marshall,University of North Carolina,2,"$7,661,402.00",0,4,160,3083,802,253,779,.399,.370,.611,19.3,5.0,1.6,4.9,1.0,.015,-5.6,-2.8
2012,1,14,MIL,John Henson,University of North Carolina,3,"$21,176,787.00",0,5,315,5994,2418,1622,314,.534,.000,.572,19.0,7.7,5.1,1.0,13.8,.111,0.5,3.8
2012,1,15,PHI,Maurice Harkless,St. John's University,1,"$17,390,344.00",0,5,356,8278,2646,1326,310,.471,.315,.596,23.3,7.4,3.7,0.9,12.6,.073,-0.4,3.4
2012,1,16,HOU,Royce White,Iowa State University,1,"$1,645,440.00",0,1,3,9,0,0,0,.000,,,3.0,0.0,0.0,0.0,0.0,-.121,-10.4,0.0
2012,1,17,DAL,Tyler Zeller,University of North Carolina,4,"$15,517,295.00",0,5,340,6048,2384,1487,316,.499,.000,.769,17.8,7.0,4.4,0.9,13.8,.110,-1.5,0.7
2012,1,18,HOU,Terrence Jones,University of Kentucky,2,"$7,145,050.00",0,5,232,5557,2429,1330,238,.501,.299,.622,24.0,10.5,5.7,1.0,14.8,.128,0.2,3.0
2012,1,19,ORL,Andrew Nicholson,St. Bonaventure University,4,"$12,979,426.00",0,5,285,4080,1700,857,126,.467,.321,.773,14.3,6.0,3.0,0.4,3.8,.045,-5.3,-3.4
2012,1,20,DEN,Evan Fournier,,,"$23,556,245.00",0,5,319,8392,3918,824,691,.445,.379,.791,26.3,12.3,2.6,2.2,12.9,.074,-1.1,2.0
2012,1,21,BOS,Jared Sullinger,Ohio State University,2,"$12,294,420.00",0,5,269,6532,2893,2006,477,.436,.272,.723,24.3,10.8,7.5,1.8,15.3,.113,0.5,4.1
2012,1,22,BOS,Fab Melo,Syracuse University,2,"$1,254,720.00",0,1,6,36,7,3,0,.500,,.250,6.0,1.2,0.5,0.0,0.0,.021,-5.8,0.0
2012,1,23,ATL,John Jenkins,Vanderbilt University,3,"$5,808,589.00",0,5,145,1850,734,213,116,.448,.364,.849,12.8,5.1,1.5,0.8,2.7,.071,-3.6,-0.7
2012,1,24,CLE,Jared Cunningham,Oregon State University,3,"$2,150,000.00",1,4,84,605,197,56,39,.347,.306,.674,7.2,2.3,0.7,0.5,0.2,.017,-5.9,-0.6
2012,1,25,MEM,Tony Wroten,University of Washington,1,"$4,698,607.00",0,4,145,3076,1604,363,437,.413,.231,.647,21.2,11.1,2.5,3.0,-1.3,-.021,-4.1,-1.6
2012,1,26,IND,Miles Plumlee,Duke University,4,"$17,973,974.00",0,5,273,4567,1380,1295,116,.530,,.564,16.7,5.1,4.7,0.4,9.2,.097,-1.5,0.5
2012,1,27,MIA,Arnett Moultrie,Mississippi State University,3,"$3,267,720.00",0,2,59,729,210,180,12,.547,,.667,12.4,3.6,3.1,0.2,1.7,.113,-3.0,-0.2
2012,1,28,OKC,Perry Jones,Baylor University,2,"$5,332,446.00",0,3,143,1675,488,252,54,.420,.293,.660,11.7,3.4,1.8,0.4,1.7,.048,-4.6,-1.1
2012,1,29,CHI,Marquis Teague,University of Kentucky,1,"$3,270,360.00",0,2,88,835,206,84,121,.349,.220,.686,9.5,2.3,1.0,1.4,-0.8,-.046,-8.1,-1.3
2012,2,30,GSW,Festus Ezeli,Vanderbilt University,4,"$12,609,508.00",1,3,170,2394,712,725,63,.513,,.557,14.1,4.2,4.3,0.4,5.9,.119,-1.1,0.6
2012,2,31,CHA,Jeff Taylor,Vanderbilt University,4,$0.00,0,3,132,2566,807,263,107,.409,.319,.665,19.4,6.1,2.0,0.8,1.3,.024,-3.9,-1.2
2012,2,32,WAS,Tomas Satoransky,,,"$2,870,813.00",0,1,57,719,154,83,92,.415,.243,.697,12.6,2.7,1.5,1.6,0.6,.040,-3.1,-0.2
2012,2,33,CLE,Bernard James,Florida State University,2,"$710,490.00",0,3,92,761,203,212,13,.497,.000,.680,8.3,2.2,2.3,0.1,1.9,.117,-1.1,0.2
2012,2,34,CLE,Jae Crowder,Marquette University,2,"$14,598,259.00",0,5,383,8897,3413,1462,538,.435,.346,.785,23.2,8.9,3.8,1.4,21.7,.117,1.3,7.3
2012,2,35,GSW,Draymond Green,Michigan State University,4,"$31,316,805.00",2,5,397,10627,3566,2684,1627,.435,.334,.695,26.8,9.0,6.8,4.1,32.9,.149,4.1,16.4
2012,2,36,SAC,Orlando Johnson,University of California Santa Barbara,4,"$605,722.00",0,3,103,1112,329,180,69,.358,.311,.727,10.8,3.2,1.7,0.7,1.4,.059,-3.8,-0.5
2012,2,37,TOR,Quincy Acy,Baylor University,4,"$2,455,092.00",0,5,257,3910,1214,897,152,.482,.366,.750,15.2,4.7,3.5,0.6,7.8,.095,-1.6,0.4
2012,2,38,DEN,Quincy Miller,Baylor University,1,"$1,164,397.00",0,3,69,934,295,169,37,.350,.292,.706,13.5,4.3,2.4,0.5,-0.1,-.003,-4.0,-0.5
2012,2,39,DET,Khris Middleton,Texas A&M University,3,"$29,900,000.00",0,5,296,9054,4070,1132,809,.450,.404,.874,30.6,13.8,3.8,2.7,18.0,.095,0.0,4.5
2012,2,40,POR,Will Barton,University of Memphis,2,"$7,616,666.00",0,5,314,6322,2856,1116,581,.427,.324,.784,20.1,9.1,3.6,1.9,9.0,.068,-1.0,1.5
2012,2,41,POR,Tyshawn Taylor,University of Kansas,4,$0.00,0,2,61,491,174,33,57,.354,.360,.684,8.0,2.9,0.5,0.9,-0.9,-.088,-8.8,-0.8
2012,2,42,MIL,Doron Lamb,University of Kentucky,2,$0.00,0,2,100,1272,345,95,75,.381,.394,.700,12.7,3.5,1.0,0.8,0.1,.005,-5.9,-1.2
2012,2,43,ATL,Mike Scott,University of Virginia,5,"$10,473,604.00",0,5,281,4322,1988,836,257,.460,.336,.786,15.4,7.1,3.0,0.9,9.2,.103,-2.4,-0.4
2012,2,44,DET,Kim English,University of Missouri,4,$0.00,0,1,41,407,119,37,26,.375,.280,.724,9.9,2.9,0.9,0.6,0.2,.021,-4.2,-0.2
2012,2,45,PHI,Justin Hamilton,Louisiana State University,3,"$3,098,036.00",0,3,113,1961,687,403,91,.464,.309,.798,17.4,6.1,3.6,0.8,3.7,.091,-0.3,0.8
2012,2,46,NOH,Darius Miller,University of Kentucky,4,"$788,872.00",0,3,102,1460,320,131,89,.420,.351,.841,14.3,3.1,1.3,0.9,1.2,.040,-2.5,-0.2
2012,2,47,UTA,Kevin Murphy,Tennessee Technological University,4,$0.00,0,1,17,52,15,4,2,.250,.200,,3.1,0.9,0.2,0.1,-0.3,-.272,-17.6,-0.2
2012,2,48,NYK,Kostas Papanikolaou,,,"$5,597,985.00",0,2,69,1089,249,158,101,.354,.297,.688,15.8,3.6,2.3,1.5,0.3,.015,-2.8,-0.2
2012,2,49,ORL,Kyle O'Quinn,Norfolk State University,4,"$8,457,622.00",0,5,321,4643,1760,1461,378,.502,.221,.735,14.5,5.5,4.6,1.2,11.0,.114,1.0,3.5
2012,2,50,DEN,Izzet Turkyilmaz,,,$0.00,0,,,,,,,,,,,,,,,,,
2012,2,51,BOS,Kris Joseph,Syracuse University,4,"$27,859.00",0,1,10,54,9,7,1,.143,.000,.625,5.4,0.9,0.7,0.1,-0.1,-.127,-10.5,-0.1
2012,2,52,GSW,Ognjen Kuzmic,,,"$490,180.00",1,2,37,164,35,38,8,.520,,.600,4.4,0.9,1.0,0.2,0.2,.061,-2.5,0.0
2012,2,53,LAC,Furkan Aldemir,,,"$5,800,000.00",0,1,41,540,93,176,28,.513,.000,.481,13.2,2.3,4.3,0.7,1.4,.122,-0.7,0.2
2012,2,54,PHI,Tornike Shengelia,,,$0.00,0,2,45,247,59,39,17,.451,.125,.500,5.5,1.3,0.9,0.4,-0.2,-.032,-6.6,-0.3
2012,2,55,DAL,Darius Johnson-Odom,Marquette University,3,"$473,604.00",0,2,7,21,0,6,2,.000,.000,.000,3.0,0.0,0.9,0.3,-0.3,-.597,-23.2,-0.1
2012,2,56,TOR,Tomislav Zubcic,,,$0.00,0,,,,,,,,,,,,,,,,,
2012,2,57,NJN,Ilkan Karaman,,,$0.00,0,,,,,,,,,,,,,,,,,
2012,2,58,MIN,Robbie Hummel,Purdue University,4,"$2,350,611.00",0,2,98,1397,379,266,50,.418,.343,.867,14.3,3.9,2.7,0.5,1.9,.066,-2.9,-0.3
2012,2,59,SAS,Marcus Denmon,University of Missouri,4,$0.00,0,,,,,,,,,,,,,,,,,
2012,2,60,LAL,Robert Sacre,Gonzaga University,5,"$1,770,220.00",0,4,189,2745,787,593,126,.436,.000,.671,14.5,4.2,3.1,0.7,2.4,.042,-3.1,-0.8
2013,1,1,CLE,Anthony Bennett,University of Nevada Las Vegas,1,"$11,903,896.00",0,4,151,1905,658,472,77,.392,.261,.670,12.6,4.4,3.1,0.5,0.5,.013,-5.6,-1.7
2013,1,2,ORL,Victor Oladipo,Indiana University,3,"$26,251,201.00",0,4,291,9661,4618,1267,1080,.434,.346,.800,33.2,15.9,4.4,3.7,13.7,.068,-0.1,4.7
2013,1,3,WAS,Otto Porter,Georgetown University,2,$0.00,0,4,266,6632,2469,1183,316,.481,.389,.774,24.9,9.3,4.4,1.2,17.7,.128,1.7,6.2
2013,1,4,CHA,Cody Zeller,Indiana University,2,"$21,267,153.00",0,4,279,6402,2239,1575,362,.500,.154,.734,22.9,8.0,5.6,1.3,18.4,.138,0.6,4.2
2013,1,5,PHO,Alex Len,University of Maryland,2,"$15,773,381.00",0,4,266,5261,1834,1657,177,.465,.227,.716,19.8,6.9,6.2,0.7,7.9,.072,-2.5,-0.6
2013,1,6,NOH,Nerlens Noel,University of Kentucky,1,"$14,329,730.00",0,3,193,5323,1936,1447,300,.511,.333,.618,27.6,10.0,7.5,1.6,11.0,.099,1.2,4.3
2013,1,7,SAC,Ben McLemore,University of Kansas,1,"$13,087,722.00",0,4,293,7476,2742,753,352,.417,.352,.780,25.5,9.4,2.6,1.2,3.9,.025,-2.6,-1.2
2013,1,8,DET,Kentavious Caldwell-Pope,University of Georgia,2,"$11,995,639.00",0,4,314,9488,3665,941,495,.405,.334,.785,30.2,11.7,3.0,1.6,14.5,.073,-0.1,4.6
2013,1,9,MIN,Trey Burke,University of Michigan,2,"$11,032,158.00",0,4,267,6619,2832,571,972,.390,.337,.813,24.8,10.6,2.1,3.6,5.9,.043,-2.5,-0.9
2013,1,10,POR,CJ McCollum,Lehigh University,4,"$10,482,459.00",0,4,260,7025,4128,687,717,.459,.413,.844,27.0,15.9,2.6,2.8,15.7,.107,0.2,3.9
2013,1,11,PHI,Michael Carter-Williams,Syracuse University,2,"$10,083,526.00",0,4,235,7058,3053,1219,1277,.407,.252,.696,30.0,13.0,5.2,5.4,3.5,.024,-0.8,2.2
2013,1,12,OKC,Steven Adams,University of Pittsburgh,1,"$9,695,397.00",0,4,311,7371,2343,2001,257,.568,.000,.571,23.7,7.5,6.4,0.8,19.9,.130,0.9,5.3
2013,1,13,DAL,Kelly Olynyk,Gonzaga University,3,"$9,321,294.00",0,4,278,5756,2628,1310,471,.477,.368,.743,20.7,9.5,4.7,1.7,14.7,.122,1.1,4.5
2013,1,14,UTA,Shabazz Muhammad,University of California Los Angeles,1,"$8,962,299.00",0,4,235,4354,2290,694,137,.476,.323,.749,18.5,9.7,3.0,0.6,7.7,.085,-3.9,-2.1
2013,1,15,MIL,Giannis Antetokounmpo,,,"$8,615,141.00",0,4,318,10106,4737,2193,1136,.497,.277,.740,31.8,14.9,6.9,3.6,27.0,.128,2.6,11.7
2013,1,16,BOS,Lucas Nogueira,,,"$5,526,000.00",0,3,92,1336,324,301,50,.639,.267,.628,14.5,3.5,3.3,0.5,4.4,.158,4.7,2.3
2013,1,17,ATL,Dennis Schroder,,,"$7,510,862.00",0,4,285,6263,3244,676,1258,.433,.331,.818,22.0,11.4,2.4,4.4,7.6,.059,-2.1,-0.1
2013,1,18,ATL,Shane Larkin,University of Miami,2,"$4,643,040.00",0,3,202,4105,1168,398,639,.430,.328,.762,20.3,5.8,2.0,3.2,3.0,.035,-2.6,-0.6
2013,1,19,CLE,Sergey Karasev,,,"$4,601,520.00",0,3,95,1110,287,140,87,.395,.282,.842,11.7,3.0,1.5,0.9,0.8,.036,-3.1,-0.3
2013,1,20,CHI,Tony Snell,University of New Mexico,3,"$8,194,687.00",0,4,293,6280,1802,747,289,.416,.373,.813,21.4,6.2,2.5,1.0,7.9,.061,-2.1,-0.1
2013,1,21,UTA,Gorgui Dieng,University of Louisville,3,"$6,589,343.00",0,4,297,7884,2639,2141,486,.511,.343,.786,26.5,8.9,7.2,1.6,18.7,.114,2.0,8.0
2013,1,22,BRK,Mason Plumlee,Duke University,4,"$6,399,770.00",0,4,315,7250,2828,2053,644,.559,.000,.582,23.0,9.0,6.5,2.0,21.6,.143,2.2,7.7
2013,1,23,IND,Solomon Hill,University of Arizona,4,"$15,149,618.00",0,4,249,5847,1585,828,394,.400,.336,.822,23.5,6.4,3.3,1.6,8.7,.072,-0.4,2.4
2013,1,24,NYK,Tim Hardaway Jr,University of Michigan,3,$0.00,0,4,281,6574,3097,587,426,.427,.352,.803,23.4,11.0,2.1,1.5,10.6,.077,-2.1,-0.1
2013,1,25,LAC,Reggie Bullock,University of North Carolina,3,"$7,006,804.00",0,4,147,1629,447,236,76,.393,.355,.800,11.1,3.0,1.6,0.5,2.5,.073,-1.9,0.0
2013,1,26,MIN,Andre Roberson,University of Colorado,3,"$6,406,152.00",0,4,256,5614,1162,1003,211,.473,.260,.493,21.9,4.5,3.9,0.8,10.6,.090,0.4,3.5
2013,1,27,DEN,Rudy Gobert,,,"$5,503,368.00",0,4,269,7268,2484,2633,304,.611,.000,.614,27.0,9.2,9.8,1.1,30.4,.201,4.6,12.2
2013,1,28,SAS,Livio Jean-Charles,,,"$1,188,840.00",0,,,,,,,,,,,,,,,,,
2013,1,29,OKC,Archie Goodwin,University of Kentucky,1,"$3,411,840.00",0,4,165,2396,1040,331,206,.429,.236,.700,14.5,6.3,2.0,1.2,1.1,.022,-4.2,-1.3
2013,2,30,PHO,Nemanja Nedovic,,,"$2,160,960.00",0,1,24,142,26,15,13,.205,.167,.875,5.9,1.1,0.6,0.5,-0.4,-.132,-10.6,-0.3
2013,2,31,CLE,Allen Crabbe,University of California,3,"$20,187,000.00",0,4,226,5142,1878,524,238,.456,.411,.848,22.8,8.3,2.3,1.1,9.8,.091,-0.9,1.5
2013,2,32,OKC,Alex Abrines,,,"$5,994,764.00",0,1,68,1055,406,86,40,.393,.381,.898,15.5,6.0,1.3,0.6,2.1,.096,-2.5,-0.1
2013,2,33,CLE,Carrick Felix,Arizona State University,3,"$1,326,482.00",0,1,7,38,19,6,4,.500,.400,.750,5.4,2.7,0.9,0.6,0.0,.057,-4.7,0.0
2013,2,34,HOU,Isaiah Canaan,Murray State University,4,"$1,387,357.00",0,4,185,3748,1560,335,294,.368,.352,.828,20.3,8.4,1.8,1.6,3.5,.045,-2.8,-0.7
2013,2,35,PHI,Glen Rice Jr,Georgia Institute of Technology,3,$0.00,0,2,16,152,43,24,9,.269,.250,.692,9.5,2.7,1.5,0.6,-0.2,-.065,-7.3,-0.2
2013,2,36,SAC,Ray McCallum,University of Detroit Mercy,3,"$1,462,210.00",0,3,154,2808,920,306,368,.408,.335,.711,18.2,6.0,2.0,2.4,2.1,.035,-2.8,-0.6
2013,2,37,DET,Tony Mitchell,University of North Texas,2,"$500,000.00",0,1,21,79,22,26,2,.417,1.000,.579,3.8,1.0,1.2,0.1,0.2,.151,1.3,0.1
2013,2,38,WAS,Nate Wolters,South Dakota State University,4,"$500,000.00",0,2,79,1556,459,183,208,.426,.261,.635,19.7,5.8,2.3,2.6,1.0,.030,-3.9,-0.7
2013,2,39,POR,Jeff Withey,University of Kansas,4,"$1,306,662.00",0,4,197,2033,651,508,64,.531,.000,.717,10.3,3.3,2.6,0.3,6.8,.161,0.9,1.5
2013,2,40,POR,Grant Jerrett,University of Arizona,1,"$874,636.00",0,1,8,51,16,9,3,.269,.067,1.000,6.4,2.0,1.1,0.4,-0.1,-.128,-8.4,-0.1
2013,2,41,MEM,Jamaal Franklin,San Diego State University,3,"$535,000.00",0,2,24,174,42,25,9,.415,.462,1.000,7.3,1.8,1.0,0.4,0.0,-.006,-5.4,-0.1
2013,2,42,PHI,Pierre Jackson,Baylor University,2,"$31,969.00",0,1,8,84,35,9,19,.333,.273,.857,10.5,4.4,1.1,2.4,0.0,.021,-4.4,-0.1
2013,2,43,MIL,Ricky Ledo,Providence College,1,"$1,539,304.00",0,2,28,277,109,38,21,.336,.371,.769,9.9,3.9,1.4,0.8,-0.6,-.096,-7.8,-0.4
2013,2,44,DAL,Mike Muscala,Bucknell University,4,"$1,154,100.00",0,4,190,2519,903,528,161,.505,.385,.817,13.3,4.8,2.8,0.8,7.0,.134,0.3,1.4
2013,2,45,POR,Marko Todorovic,,,$0.00,0,,,,,,,,,,,,,,,,,
2013,2,46,UTA,Erick Green,Virginia Polytechnic Institute and State University,4,"$606,754.00",0,2,52,452,159,37,42,.377,.288,.857,8.7,3.1,0.7,0.8,0.1,.011,-5.1,-0.3
2013,2,47,ATL,Raul Neto,,,"$1,837,800.00",0,2,121,1845,576,150,208,.434,.383,.759,15.2,4.8,1.2,1.7,2.5,.066,-1.9,0.0
2013,2,48,LAL,Ryan Kelly,Duke University,4,"$3,661,035.00",0,4,163,3125,981,504,215,.378,.316,.797,19.2,6.0,3.1,1.3,3.0,.046,-2.2,-0.2
2013,2,49,CHI,Erik Murphy,University of Florida,4,$0.00,0,1,24,62,6,8,2,.231,.000,,2.6,0.3,0.3,0.1,-0.1,-.055,-8.1,-0.1
2013,2,50,ATL,James Ennis,California State University Long Beach,2,$0.00,0,3,148,2881,900,477,133,.442,.372,.798,19.5,6.1,3.2,0.9,6.0,.100,-0.3,1.3
2013,2,51,ORL,Romero Osby,University of Oklahoma,4,$0.00,0,,,,,,,,,,,,,,,,,
2013,2,52,MIN,Lorenzo Brown,North Carolina State University,3,"$1,410,507.00",0,3,63,834,206,105,142,.369,.152,.667,13.2,3.3,1.7,2.3,-0.2,-.013,-4.2,-0.5
2013,2,53,IND,Colton Iverson,Colorado State University,4,$0.00,0,,,,,,,,,,,,,,,,,
2013,2,54,WAS,Arsalan Kazemi,University of Oregon,4,$0.00,0,,,,,,,,,,,,,,,,,
2013,2,55,MEM,Joffrey Lauvergne,,,"$5,209,719.00",0,3,153,2289,933,618,139,.471,.293,.741,15.0,6.1,4.0,0.9,3.9,.081,-2.8,-0.5
2013,2,56,DET,Peyton Siva,University of Louisville,4,$0.00,0,1,24,224,54,14,34,.316,.280,.733,9.3,2.3,0.6,1.4,-0.2,-.032,-7.3,-0.3
2013,2,57,PHO,Alex Oriakhi,University of Missouri,4,$0.00,0,,,,,,,,,,,,,,,,,
2013,2,58,SAS,Deshaun Thomas,Ohio State University,3,$0.00,0,,,,,,,,,,,,,,,,,
2013,2,59,MIN,Bojan Dubljevic,,,$0.00,0,,,,,,,,,,,,,,,,,
2013,2,60,MEM,Janis Timma,,,$0.00,0,,,,,,,,,,,,,,,,,
2014,1,1,CLE,Andrew Wiggins,University of Kansas,1,"$17,275,920.00",0,3,245,8862,4995,993,523,.450,.329,.760,36.2,20.4,4.1,2.1,10.3,.056,-2.4,-0.8
2014,1,2,MIL,Jabari Parker,Duke University,1,"$15,457,320.00",0,3,152,4874,2403,847,314,.491,.341,.748,32.1,15.8,5.6,2.1,9.0,.088,-1.3,0.9
2014,1,3,PHI,Joel Embiid,University of Kansas,1,"$13,880,760.00",0,1,31,786,627,243,66,.466,.367,.783,25.4,20.2,7.8,2.1,1.9,.117,3.1,1.0
2014,1,4,ORL,Aaron Gordon,University of Arizona,1,"$12,515,040.00",0,3,205,4958,1981,1081,311,.460,.289,.699,24.2,9.7,5.3,1.5,10.1,.098,-0.1,2.4
2014,1,5,UTA,Dante Exum,,,"$11,333,040.00",0,2,148,3045,805,263,309,.385,.308,.743,20.6,5.4,1.8,2.1,1.1,.017,-3.3,-1.0
2014,1,6,BOS,Marcus Smart,Oklahoma State University,2,"$10,293,240.00",0,3,207,5874,1916,782,757,.358,.291,.762,28.4,9.3,3.8,3.7,9.0,.073,0.4,3.6
2014,1,7,LAL,Julius Randle,University of Kentucky,1,"$9,396,720.00",0,3,156,4432,1896,1465,408,.457,.273,.717,28.4,12.2,9.4,2.6,5.1,.055,-1.9,0.1
2014,1,8,SAC,Nik Stauskas,University of Michigan,2,"$8,608,320.00",0,3,226,5124,1692,497,393,.386,.343,.807,22.7,7.5,2.2,1.7,2.4,.022,-3.2,-1.5
2014,1,9,CHH,Noah Vonleh,Indiana University,1,"$7,913,280.00",0,3,177,2698,693,778,65,.444,.291,.678,15.2,3.9,4.4,0.4,3.4,.061,-4.1,-1.4
2014,1,10,PHI,Elfrid Payton,University of Louisiana at Lafayette,3,"$7,517,160.00",0,3,237,7046,2555,997,1530,.446,.289,.611,29.7,10.8,4.2,6.5,8.9,.061,-0.4,2.9
2014,1,11,DEN,Doug McDermott,Creighton University,4,"$7,141,440.00",0,3,183,3690,1465,417,123,.446,.394,.836,20.2,8.0,2.3,0.7,5.4,.070,-3.7,-1.6
2014,1,12,ORL,Dario Saric,,,"$2,318,280.00",0,1,81,2129,1040,513,182,.411,.311,.782,26.3,12.8,6.3,2.2,1.0,.023,-2.2,-0.1
2014,1,13,MIN,Zach LaVine,University of California Los Angeles,1,"$6,445,080.00",0,3,206,5945,2817,602,666,.445,.378,.821,28.9,13.7,2.9,3.2,4.9,.039,-2.0,-0.1
2014,1,14,PHO,TJ Warren,North Carolina State University,2,"$6,123,120.00",0,3,153,3732,1711,571,144,.502,.312,.751,24.4,11.2,3.7,0.9,7.4,.095,-0.8,1.1
2014,1,15,ATL,Adreian Payne,Michigan State University,4,"$5,816,400.00",0,3,102,1360,408,306,66,.399,.232,.670,13.3,4.0,3.0,0.6,-0.7,-.026,-5.5,-1.2
2014,1,16,CHI,Jusuf Nurkic,,,"$5,526,000.00",0,3,159,3041,1351,1024,213,.469,.000,.601,19.1,8.5,6.4,1.3,3.9,.062,-0.5,1.1
2014,1,17,BOS,James Young,University of Kentucky,1,"$5,249,520.00",0,3,89,751,202,94,26,.367,.276,.548,8.4,2.3,1.1,0.3,0.7,.047,-3.8,-0.3
2014,1,18,PHO,Tyler Ennis,Syracuse University,1,"$4,986,960.00",0,3,132,1653,555,155,254,.419,.342,.773,12.5,4.2,1.2,1.9,0.4,.013,-5.3,-1.4
2014,1,19,CHI,Gary Harris,Michigan State University,2,"$4,759,560.00",0,3,188,4940,1971,462,340,.460,.356,.790,26.3,10.5,2.5,1.8,7.9,.077,0.0,2.5
2014,1,20,TOR,Bruno Caboclo,,,"$4,572,000.00",0,3,23,106,27,14,5,.275,.313,,4.6,1.2,0.6,0.2,-0.3,-.143,-8.5,-0.2
2014,1,21,OKC,Mitch McGary,University of Michigan,2,"$4,389,120.00",0,2,52,557,227,183,17,.527,.000,.580,10.7,4.4,3.5,0.3,1.3,.108,-3.1,-0.2
2014,1,22,MEM,Jordan Adams,University of California Los Angeles,2,"$4,213,800.00",0,2,32,263,101,30,19,.402,.385,.607,8.2,3.2,0.9,0.6,0.4,.070,-0.5,0.1
2014,1,23,UTA,Rodney Hood,Duke University,2,"$4,045,320.00",0,3,188,5198,2330,586,392,.415,.364,.818,27.6,12.4,3.1,2.1,10.7,.099,-0.2,2.3
2014,1,24,CHH,Shabazz Napier,University of Connecticut,4,"$3,883,200.00",0,3,159,2124,682,229,294,.373,.354,.767,13.4,4.3,1.4,1.8,1.2,.027,-3.2,-0.6
2014,1,25,HOU,Clint Capela,,,"$3,728,160.00",0,3,154,3112,1392,1056,112,.614,.000,.433,20.2,9.0,6.9,0.7,10.4,.160,0.5,1.9
2014,1,26,MIA,P.J. Hairston,University of North Carolina,2,"$2,351,160.00",0,2,111,2000,664,266,59,.343,.295,.810,18.0,6.0,2.4,0.5,0.9,.021,-3.9,-1.0
2014,1,27,PHO,Bogdan Bogdanovic,,,$0.00,0,,,,,,,,,,,,,,,,,
2014,1,28,LAC,CJ Wilcox,University of Washington,4,"$3,479,040.00",0,3,66,376,132,31,30,.370,.333,.813,5.7,2.0,0.5,0.5,0.1,.007,-5.2,-0.3
2014,1,29,OKC,Josh Huestis,Stanford University,4,"$2,331,720.00",0,2,7,86,28,19,3,.478,.600,.000,12.3,4.0,2.7,0.4,0.2,.102,-2.7,0.0
2014,2,30,SAS,Kyle Anderson,University of California Los Angeles,2,"$3,428,640.00",0,3,183,2623,670,524,242,.442,.341,.753,14.3,3.7,2.9,1.3,6.5,.119,1.1,2.1
2014,2,31,MIL,Damien Inglis,,,"$1,675,000.00",0,1,20,156,36,31,10,.351,.231,.875,7.8,1.8,1.6,0.5,-0.1,-.024,-6.4,-0.2
2014,2,32,PHI,KJ McDaniels,Clemson University,3,"$6,523,127.00",0,3,148,2092,782,324,95,.412,.290,.776,14.1,5.3,2.2,0.6,1.3,.030,-3.3,-0.7
2014,2,33,CLE,Joe Harris,University of Virginia,4,"$884,879.00",1,3,108,1646,567,191,82,.418,.379,.688,15.2,5.3,1.8,0.8,0.9,.027,-3.5,-0.6
2014,2,34,NYK,Cleanthony Early,Wichita State University,2,$0.00,0,2,56,801,241,123,42,.346,.263,.750,14.3,4.3,2.2,0.8,-0.6,-.039,-5.7,-0.8
2014,2,35,UTA,Jarnell Stokes,University of Tennessee,3,"$725,000.00",0,3,28,151,67,40,7,.581,,.531,5.4,2.4,1.4,0.3,0.6,.202,1.0,0.1
2014,2,36,MIL,Johnny O'Bryant III,Louisiana State University,3,"$1,606,542.00",0,3,111,1305,338,259,55,.404,.571,.603,11.8,3.0,2.3,0.5,-0.1,-.003,-6.7,-1.5
2014,2,37,TOR,DeAndre Daniels,University of Connecticut,3,$0.00,0,,,,,,,,,,,,,,,,,
2014,2,38,DET,Spencer Dinwiddie,University of Colorado,3,"$2,271,731.00",0,3,105,1948,635,229,311,.389,.290,.779,18.6,6.0,2.2,3.0,3.0,.074,-2.0,0.0
2014,2,39,PHI,Jerami Grant,Syracuse University,2,"$1,865,310.00",0,3,222,4974,1597,764,260,.412,.304,.628,22.4,7.2,3.4,1.2,5.6,.054,-2.1,-0.1
2014,2,40,MIN,Glenn Robinson III,University of Michigan,2,"$2,150,500.00",0,3,149,2196,663,353,84,.448,.376,.698,14.7,4.4,2.4,0.6,3.4,.075,-2.3,-0.2
2014,2,41,DEN,Nikola Jokic,,,"$2,658,500.00",0,2,153,3771,2017,1278,548,.551,.327,.818,24.6,13.2,8.4,3.6,16.4,.208,6.7,8.3
2014,2,42,HOU,Nick Johnson,University of Arizona,3,"$845,059.00",0,1,28,262,74,39,11,.347,.238,.680,9.4,2.6,1.4,0.4,-0.1,-.020,-7.3,-0.3
2014,2,43,ATL,Walter Tavares,,,$0.00,0,2,13,101,33,32,4,.625,,.273,7.8,2.5,2.5,0.3,0.2,.118,-0.6,0.0
2014,2,44,MIN,Markel Brown,Oklahoma State University,4,$0.00,0,2,109,1763,579,229,130,.382,.297,.781,16.2,5.3,2.1,1.2,1.1,.031,-2.7,-0.3
2014,2,45,CHH,Dwight Powell,Stanford University,4,"$8,375,000.00",0,3,175,2561,1005,629,102,.501,.257,.750,14.6,5.7,3.6,0.6,8.3,.156,0.5,1.6
2014,2,46,WAS,Jordan Clarkson,University of Missouri,3,"$13,007,336.00",0,3,220,6425,3133,750,611,.441,.334,.809,29.2,14.2,3.4,2.8,5.7,.042,-1.7,0.6
2014,2,47,PHI,Russ Smith,University of Louisville,4,"$1,352,395.00",0,2,27,131,53,15,19,.319,.188,.769,4.9,2.0,0.6,0.7,-0.2,-.068,-6.4,-0.1
2014,2,48,MIL,Lamar Patterson,University of Pittsburgh,5,"$772,049.00",0,2,40,435,93,57,45,.326,.236,.720,10.9,2.3,1.4,1.1,0.1,.006,-5.5,-0.4
2014,2,49,CHI,Cameron Bairstow,University of New Mexico,4,$0.00,0,2,36,167,44,36,7,.296,.200,.846,4.6,1.2,1.0,0.2,-0.1,-.021,-7.7,-0.2
2014,2,50,PHO,Alec Brown,University of Wisconsin-Green Bay,4,$0.00,0,,,,,,,,,,,,,,,,,
2014,2,51,NYK,Thanasis Antetokounmpo,,,"$30,888.00",0,1,2,6,6,1,0,.750,.000,,3.0,3.0,0.5,0.0,0.0,.291,-4.1,0.0
2014,2,52,PHI,Vasilije Micic,,,$0.00,0,,,,,,,,,,,,,,,,,
2014,2,53,MIN,Alessandro Gentile,,,$0.00,0,,,,,,,,,,,,,,,,,
2014,2,54,PHI,Nemanja Dangubic,,,$0.00,0,,,,,,,,,,,,,,,,,
2014,2,55,MIA,Semaj Christon,Xavier University,2,$0.00,0,1,64,973,183,87,130,.345,.190,.548,15.2,2.9,1.4,2.0,0.1,.006,-6.3,-1.1
2014,2,56,DEN,Roy Devyn Marble,University of Iowa,4,$0.00,0,2,44,457,97,69,29,.304,.222,.375,10.4,2.2,1.6,0.7,-0.3,-.028,-5.0,-0.3
2014,2,57,IND,Louis Labeyrie,,,$0.00,0,,,,,,,,,,,,,,,,,
2014,2,58,SAS,Jordan McRae,University of Tennessee,4,"$985,832.00",1,2,59,579,260,61,44,.404,.384,.774,9.8,4.4,1.0,0.7,0.5,.043,-5.7,-0.5
2014,2,59,TOR,Xavier Thames,San Diego State University,4,$0.00,0,,,,,,,,,,,,,,,,,
2014,2,60,SAS,Cory Jefferson,Baylor University,4,"$49,709.00",0,2,58,581,205,161,16,.444,.125,.583,10.0,3.5,2.8,0.3,0.9,.071,-4.6,-0.4
2015,1,1,MIN,Karl-Anthony Towns,University of Kentucky,1,"$11,663,760.00",0,2,164,5657,3564,1865,381,.542,.361,.824,34.5,21.7,11.4,2.3,20.9,.177,3.9,8.4
2015,1,2,LAL,D'Angelo Russell,Ohio State University,1,"$10,435,920.00",0,2,143,4070,2038,495,569,.408,.351,.759,28.5,14.3,3.5,4.0,1.3,.015,-1.2,0.8
2015,1,3,PHI,Jahlil Okafor,Duke University,1,"$9,371,520.00",0,2,103,2725,1518,613,123,.510,.167,.679,26.5,14.7,6.0,1.2,2.4,.043,-3.8,-1.2
2015,1,4,NYK,Kristaps Porzingis,,,"$8,449,440.00",0,2,138,4211,2224,1001,191,.436,.346,.811,30.5,16.1,7.3,1.4,8.9,.101,0.2,2.3
2015,1,5,ORL,Mario Hezonja,,,"$7,651,320.00",0,2,144,2373,795,322,171,.398,.327,.856,16.5,5.5,2.2,1.2,0.2,.004,-4.0,-1.2
2015,1,6,SAC,Willie Cauley-Stein,University of Kentucky,3,"$6,949,440.00",0,2,141,2833,1074,691,117,.544,.000,.659,20.1,7.6,4.9,0.8,6.8,.115,-0.3,1.2
2015,1,7,DEN,Emmanuel Mudiay,,,"$6,344,040.00",0,2,123,3474,1475,410,589,.369,.317,.721,28.2,12.0,3.3,4.8,-1.9,-.027,-4.1,-1.8
2015,1,8,DET,Stanley Johnson,University of Arizona,1,"$5,811,840.00",0,2,150,3058,932,495,223,.367,.301,.748,20.4,6.2,3.3,1.5,1.0,.016,-2.3,-0.2
2015,1,9,CHO,Frank Kaminsky,University of Wisconsin,4,"$5,342,520.00",0,2,156,3662,1480,671,260,.403,.331,.743,23.5,9.5,4.3,1.7,5.6,.073,-1.4,0.6
2015,1,10,MIA,Justise Winslow,Duke University,1,"$5,075,160.00",0,2,96,2857,698,497,183,.400,.258,.665,29.8,7.3,5.2,1.9,2.4,.040,-1.1,0.6
2015,1,11,IND,Myles Turner,University of Texas at Austin,1,"$4,821,600.00",0,2,141,3908,1792,921,147,.506,.333,.785,27.7,12.7,6.5,1.0,11.1,.136,0.7,2.7
2015,1,12,UTA,Trey Lyles,University of Kentucky,1,"$4,580,400.00",0,2,151,2540,928,534,128,.400,.343,.708,16.8,6.1,3.5,0.8,3.0,.057,-2.9,-0.6
2015,1,13,PHO,Devin Booker,University of Kentucky,1,"$4,351,440.00",0,2,154,4838,2774,436,468,.423,.354,.835,31.4,18.0,2.8,3.0,3.9,.038,-2.6,-0.8
2015,1,14,OKC,Cameron Payne,Murray State University,2,"$4,134,000.00",0,2,88,1160,443,133,163,.378,.320,.750,13.2,5.0,1.5,1.9,1.0,.042,-3.6,-0.5
2015,1,15,ATL,Kelly Oubre,University of Kansas,1,$0.00,0,2,142,2276,737,394,60,.423,.296,.716,16.0,5.2,2.8,0.4,2.5,.052,-3.3,-0.8
2015,1,16,BOS,Terry Rozier,University of Louisville,2,"$3,730,800.00",0,2,113,1574,482,290,168,.348,.306,.776,13.9,4.3,2.6,1.5,1.1,.034,-3.4,-0.5
2015,1,17,MIL,Rashad Vaughn,University of Nevada Las Vegas,1,"$3,544,080.00",0,2,111,1459,359,137,62,.327,.303,.700,13.1,3.2,1.2,0.6,-0.8,-.026,-5.7,-1.4
2015,1,18,HOU,Sam Dekker,University of Wisconsin,3,"$3,366,960.00",0,2,80,1425,504,285,76,.473,.321,.559,17.8,6.3,3.6,1.0,3.1,.105,-1.0,0.3
2015,1,19,WAS,Jerian Grant,University of Notre Dame,4,"$3,215,400.00",0,2,139,2293,796,254,298,.408,.303,.821,16.5,5.7,1.8,2.1,3.3,.070,-2.0,0.0
2015,1,20,TOR,Delon Wright,University of Utah,2,"$3,086,640.00",0,2,54,675,253,85,88,.434,.349,.756,12.5,4.7,1.6,1.6,1.7,.120,0.5,0.4
2015,1,21,DAL,Justin Anderson,University of Virginia,3,"$2,963,160.00",0,2,130,1875,740,377,95,.419,.289,.793,14.4,5.7,2.9,0.7,3.0,.077,-1.4,0.3
2015,1,22,CHI,Bobby Portis,University of Arkansas,2,"$2,844,840.00",0,2,126,2102,873,633,87,.455,.324,.696,16.7,6.9,5.0,0.7,3.9,.089,-3.2,-0.6
2015,1,23,POR,Rondae Hollis-Jefferson,University of Arizona,2,"$2,731,080.00",0,2,107,2376,842,606,197,.438,.235,.744,22.2,7.9,5.7,1.8,3.8,.076,-0.5,0.9
2015,1,24,CLE,Tyus Jones,Duke University,1,"$2,621,760.00",0,2,97,1347,365,114,264,.389,.333,.744,13.9,3.8,1.2,2.7,1.9,.067,-2.6,-0.2
2015,1,25,MEM,Jarell Martin,Louisiana State University,2,"$2,517,000.00",0,2,69,938,318,248,23,.419,.333,.759,13.6,4.6,3.6,0.3,1.4,.073,-5.1,-0.7
2015,1,26,SAS,Nikola Milutinov,,,$0.00,0,,,,,,,,,,,,,,,,,
2015,1,27,LAL,Larry Nance Jr.,University of Wyoming,4,"$2,363,280.00",0,2,126,2708,798,681,140,.526,.239,.717,21.5,6.3,5.4,1.1,5.7,.101,0.4,1.6
2015,1,28,BOS,R.J. Hunter,Georgia State University,3,"$2,012,986.00",0,2,39,324,97,38,13,.364,.297,.857,8.3,2.5,1.0,0.3,0.3,.041,-3.7,-0.1
2015,1,29,BRK,Chris McCullough,Syracuse University,1,"$2,331,720.00",0,2,40,442,148,87,11,.426,.341,.500,11.1,3.7,2.2,0.3,0.4,.049,-1.6,0.0
2015,2,30,GSW,Kevon Looney,University of California Los Angeles,1,"$2,314,800.00",1,2,58,468,144,134,29,.526,.273,.618,8.1,2.5,2.3,0.5,1.5,.157,0.0,0.2
2015,2,31,MIN,Cedi Osman,,,$0.00,0,,,,,,,,,,,,,,,,,
2015,2,32,HOU,Montrezl Harrell,University of Louisville,3,"$2,045,000.00",0,2,97,1443,667,284,81,.651,.125,.599,14.9,6.9,2.9,0.8,5.0,.166,0.2,0.8
2015,2,33,BOS,Jordan Mickey,Louisiana State University,2,"$2,394,613.00",0,2,41,198,59,47,8,.411,.000,.542,4.8,1.4,1.1,0.2,0.2,.045,-4.4,-0.1
2015,2,34,LAL,Anthony Brown,Stanford University,5,"$757,672.00",0,2,40,758,158,103,27,.324,.278,.850,19.0,4.0,2.6,0.7,-0.3,-.019,-4.8,-0.5
2015,2,35,PHI,Willy Hernangomez,,,"$1,350,000.00",0,1,72,1324,587,502,96,.529,.267,.728,18.4,8.2,7.0,1.3,3.4,.123,0.0,0.7
2015,2,36,MIN,Rakeem Christmas,Syracuse University,4,"$2,059,368.00",0,2,30,225,63,57,4,.467,,.724,7.5,2.1,1.9,0.1,0.5,.105,-4.0,-0.1
2015,2,37,PHI,Richaun Holmes,Bowling Green State University,3,"$2,100,000.00",0,2,108,1895,846,446,91,.543,.289,.695,17.5,7.8,4.1,0.8,5.3,.133,0.7,1.3
2015,2,38,DET,Darrun Hilliard,Villanova University,4,"$600,000.00",0,2,77,764,279,78,60,.385,.323,.735,9.9,3.6,1.0,0.8,0.3,.020,-4.9,-0.6
2015,2,39,CHO,Juan Pablo Vaulet,,,$0.00,0,,,,,,,,,,,,,,,,,
2015,2,40,MIA,Josh Richardson,University of Tennessee,4,$0.00,0,2,105,2721,880,275,213,.414,.374,.729,25.9,8.4,2.6,2.0,4.7,.083,0.3,1.6
2015,2,41,BRK,Pat Connaughton,University of Notre Dame,4,"$1,499,729.00",0,2,73,459,134,84,38,.413,.407,.857,6.3,1.8,1.2,0.5,0.4,.039,-4.3,-0.3
2015,2,42,UTA,Olivier Hanlan,Boston College,3,$0.00,0,,,,,,,,,,,,,,,,,
2015,2,43,IND,Joseph Young,University of Oregon,4,$0.00,0,2,74,519,222,67,80,.365,.217,.775,7.0,3.0,0.9,1.1,-0.1,-.012,-5.9,-0.5
2015,2,44,PHO,Andrew Harrison,University of Kentucky,2,"$945,000.00",0,1,72,1474,425,136,198,.325,.276,.763,20.5,5.9,1.9,2.8,1.6,.051,-2.4,-0.2
2015,2,45,BOS,Marcus Thornton,College of William & Mary,4,"$31,875,600.00",0,,,,,,,,,,,,,,,,,
2015,2,46,MIL,Norman Powell,University of California Los Angeles,4,"$650,000.00",0,2,125,2093,909,280,129,.441,.351,.797,16.7,7.3,2.2,1.0,4.4,.100,-1.1,0.5
2015,2,47,PHI,Arturas Gudaitis,,,$0.00,0,,,,,,,,,,,,,,,,,
2015,2,48,OKC,Dakari Johnson,University of Kentucky,2,$0.00,0,,,,,,,,,,,,,,,,,
2015,2,49,WAS,Aaron White,University of Iowa,4,$0.00,0,,,,,,,,,,,,,,,,,
2015,2,50,ATL,Marcus Eriksson,,,$0.00,0,,,,,,,,,,,,,,,,,
2015,2,51,ORL,Tyler Harvey,Eastern Washington University,3,$0.00,0,,,,,,,,,,,,,,,,,
2015,2,52,DAL,Satnam Singh,,4,$0.00,0,,,,,,,,,,,,,,,,,
2015,2,53,CLE,Sir'Dominic Pointer,St. John's University,,$0.00,0,,,,,,,,,,,,,,,,,
2015,2,54,UTA,Dani Diez,,,$0.00,0,,,,,,,,,,,,,,,,,
2015,2,55,SAS,Cady Lalanne,University of Massachusetts Amherst,4,$0.00,0,,,,,,,,,,,,,,,,,
2015,2,56,NOP,Branden Dawson,Michigan State University,4,"$874,636.00",0,1,6,29,5,4,0,.400,,1.000,4.8,0.8,0.7,0.0,0.0,.069,-6.6,0.0
2015,2,57,DEN,Nikola Radicevic,,,$0.00,0,,,,,,,,,,,,,,,,,
2015,2,58,PHI,J.P. Tokoto,University of North Carolina,3,$0.00,0,,,,,,,,,,,,,,,,,
2015,2,59,ATL,Dimitrios Agravanis,,,$0.00,0,,,,,,,,,,,,,,,,,
2015,2,60,PHI,Luka Mitrovic,,,$0.00,0,,,,,,,,,,,,,,,,,
2016,1,1,PHI,Ben Simmons,Louisiana State University,1,"$5,903,160.00",0,,,,,,,,,,,,,,,,,
2016,1,2,LAL,Brandon Ingram,Duke University,1,"$5,281,680.00",0,1,79,2279,740,316,166,.402,.294,.621,28.8,9.4,4.0,2.1,-0.3,-.007,-3.8,-1.1
2016,1,3,BOS,Jaylen Brown,University of California,1,"$4,743,000.00",0,1,78,1341,515,220,64,.454,.341,.685,17.2,6.6,2.8,0.8,1.5,.053,-4.0,-0.7
2016,1,4,PHO,Dragan Bender,,,"$4,276,320.00",0,1,43,574,146,103,23,.354,.277,.364,13.3,3.4,2.4,0.5,-0.3,-.029,-4.3,-0.3
2016,1,5,MIN,Kris Dunn,Providence College,4,"$3,872,520.00",0,1,78,1333,293,166,188,.377,.288,.610,17.1,3.8,2.1,2.4,0.1,.004,-2.2,-0.1
2016,1,6,NOP,Buddy Hield,University of Oklahoma,4,"$3,517,200.00",0,1,82,1888,866,269,121,.426,.391,.842,23.0,10.6,3.3,1.5,1.3,.032,-2.7,-0.4
2016,1,7,DEN,Jamal Murray,University of Kentucky,1,"$3,210,840.00",0,1,82,1764,811,214,170,.404,.334,.883,21.5,9.9,2.6,2.1,1.3,.037,-2.6,-0.3
2016,1,8,SAC,Marquese Chriss,University of Washington,1,"$2,941,440.00",0,1,82,1743,753,348,60,.449,.321,.624,21.3,9.2,4.2,0.7,1.8,.050,-1.6,0.2
2016,1,9,TOR,Jakob Poeltl,University of Utah,2,"$2,703,960.00",0,1,54,626,165,165,12,.583,,.544,11.6,3.1,3.1,0.2,1.6,.125,-0.7,0.2
2016,1,10,MIL,Thon Maker,,,"$2,568,600.00",0,1,57,562,226,114,23,.459,.378,.653,9.9,4.0,2.0,0.4,1.3,.113,-1.5,0.1
2016,1,11,ORL,Domantas Sabonis,Gonzaga University,2,"$2,440,200.00",0,1,81,1632,479,288,82,.399,.321,.657,20.1,5.9,3.6,1.0,0.8,.022,-4.8,-1.2
2016,1,12,UTA,Taurean Prince,Baylor University,4,"$2,318,280.00",0,1,59,981,335,157,55,.400,.324,.787,16.6,5.7,2.7,0.9,1.1,.054,-2.3,-0.1
2016,1,13,PHO,Georgios Papagiannis,,,"$2,202,240.00",0,1,22,355,124,86,20,.549,.000,.857,16.1,5.6,3.9,0.9,0.4,.057,-2.7,-0.1
2016,1,14,CHI,Denzel Valentine,Michigan State University,4,"$2,092,200.00",0,1,57,976,291,151,63,.354,.351,.778,17.1,5.1,2.6,1.1,0.6,.031,-2.7,-0.2
2016,1,15,DEN,Juan Hernangomez,,,"$1,987,440.00",0,1,62,842,305,187,29,.451,.407,.750,13.6,4.9,3.0,0.5,1.8,.104,-1.3,0.1
2016,1,16,BOS,Guerschon Yabusele,,,$0.00,0,,,,,,,,,,,,,,,,,
2016,1,17,MEM,Wade Baldwin,Vanderbilt University,2,$0.00,0,1,33,405,106,46,61,.313,.136,.838,12.3,3.2,1.4,1.8,-0.3,-.041,-5.7,-0.4
2016,1,18,DET,Henry Ellenson,Marquette University,1,"$1,704,120.00",0,1,19,146,60,41,7,.359,.286,.500,7.7,3.2,2.2,0.4,-0.2,-.071,-8.2,-0.2
2016,1,19,DEN,Malik Beasley,Florida State University,1,"$1,627,320.00",0,1,22,165,83,17,11,.452,.321,.800,7.5,3.8,0.8,0.5,0.2,.057,-3.9,-0.1
2016,1,20,IND,Caris LeVert,University of Michigan,4,"$1,562,280.00",0,1,57,1237,468,188,110,.450,.321,.720,21.7,8.2,3.3,1.9,1.8,.070,-1.1,0.3
2016,1,21,ATL,DeAndre Bembry,Saint Joseph's University,3,$0.00,0,1,38,371,101,59,28,.480,.056,.375,9.8,2.7,1.6,0.7,0.3,.038,-4.3,-0.2
2016,1,22,CHO,Malachi Richardson,Syracuse University,1,"$1,439,800.00",0,1,22,198,79,23,11,.412,.286,.789,9.0,3.6,1.0,0.5,0.1,.028,-5.5,-0.2
2016,1,23,BOS,Ante Zizic,,,$0.00,0,,,,,,,,,,,,,,,,,
2016,1,24,PHI,Timothe Luwawu,,,$0.00,0,1,69,1190,445,149,75,.402,.311,.854,17.2,6.4,2.2,1.1,0.8,.034,-4.0,-0.6
2016,1,25,LAC,Brice Johnson,University of North Carolina,4,"$1,273,920.00",0,1,3,9,4,3,1,.286,,,3.0,1.3,1.0,0.3,0.0,-.165,1.3,0.0
2016,1,26,PHI,Furkan Korkmaz,,,$0.00,0,,,,,,,,,,,,,,,,,
2016,1,27,TOR,Pascal Siakam,New Mexico State University,2,"$1,196,040.00",0,1,55,859,229,185,17,.502,.143,.688,15.6,4.2,3.4,0.3,1.6,.089,-1.1,0.2
2016,1,28,PHO,Skal Labissiere,University of Kentucky,1,"$1,188,840.00",0,1,33,612,289,162,27,.537,.375,.703,18.5,8.8,4.9,0.8,1.3,.099,-2.6,-0.1
2016,1,29,SAS,Dejounte Murray,University of Washington,1,"$1,180,080.00",0,1,38,322,130,42,48,.431,.391,.700,8.5,3.4,1.1,1.3,0.0,.004,-4.8,-0.2
2016,2,30,GSW,Damian Jones,Vanderbilt University,3,"$1,171,560.00",1,1,10,85,19,23,0,.500,,.300,8.5,1.9,2.3,0.0,0.0,.018,-9.6,-0.2
2016,2,31,BOS,Deyonta Davis,Michigan State University,1,"$1,369,299.00",0,1,36,238,58,60,2,.511,,.556,6.6,1.6,1.7,0.1,0.5,.097,-3.7,-0.1
2016,2,32,LAL,Ivica Zubac,,,"$1,034,956.00",0,1,38,609,284,159,30,.529,.000,.653,16.0,7.5,4.2,0.8,1.1,.086,-2.5,-0.1
2016,2,33,LAC,Cheick Diallo,University of Kansas,1,"$543,471.00",0,1,17,199,87,73,4,.474,,.714,11.7,5.1,4.3,0.2,0.5,.111,-5.6,-0.2
2016,2,34,PHO,Tyler Ulis,University of Kentucky,2,"$918,369.00",0,1,61,1123,444,95,226,.421,.266,.775,18.4,7.3,1.6,3.7,0.7,.029,-4.0,-0.6
2016,2,35,BOS,Rade Zagorac,,,$0.00,0,,,,,,,,,,,,,,,,,
2016,2,36,MIL,Malcolm Brogdon,University of Virginia,4,"$925,000.00",0,1,75,1982,767,213,317,.457,.404,.865,26.4,10.2,2.8,4.2,4.1,.100,-0.5,0.8
2016,2,37,HOU,Chinanu Onuaku,University of Louisville,2,$0.00,0,1,5,52,14,10,3,.714,,1.000,10.4,2.8,2.0,0.6,0.1,.123,-0.6,0.0
2016,2,38,MIL,Patrick McCaw,University of Nevada Las Vegas,2,"$543,471.00",1,1,71,1074,282,100,77,.433,.333,.784,15.1,4.0,1.4,1.1,1.7,.077,-1.8,0.1
2016,2,39,NOP,David Michineau,,,$0.00,0,,,,,,,,,,,,,,,,,
2016,2,40,NOP,Diamond Stone,University of Maryland,1,"$543,471.00",0,1,7,24,10,6,0,.231,,1.000,3.4,1.4,0.9,0.0,-0.1,-.211,-24.1,-0.1
2016,2,41,ORL,Stephen Zimmerman,University of Nevada Las Vegas,1,"$950,000.00",0,1,19,108,23,35,4,.323,,.600,5.7,1.2,1.8,0.2,0.0,-.005,-7.3,-0.1
2016,2,42,UTA,Isaiah Whitehead,Seton Hall University,,"$1,074,145.00",0,1,73,1643,543,184,192,.402,.295,.805,22.5,7.4,2.5,2.6,-0.8,-.023,-4.9,-1.2
2016,2,43,HOU,Zhou Qi,,,$0.00,0,,,,,,,,,,,,,,,,,
2016,2,44,ATL,Isaia Cordinier,,,$0.00,0,,,,,,,,,,,,,,,,,
2016,2,45,BOS,Demetrius Jackson,University of Notre Dame,3,"$1,450,000.00",0,1,5,17,10,4,3,.750,1.000,.500,3.4,2.0,0.8,0.6,0.1,.386,6.3,0.0
2016,2,46,DAL,AJ Hammons,Purdue University,4,"$650,000.00",0,1,22,163,48,36,4,.405,.500,.450,7.4,2.2,1.6,0.2,0.0,-.001,-5.6,-0.1
2016,2,47,ORL,Jake Layman,University of Maryland,4,"$600,000.00",0,1,35,249,78,24,11,.292,.255,.765,7.1,2.2,0.7,0.3,-0.3,-.054,-7.4,-0.3
2016,2,48,CHI,Paul Zipser,,,"$750,000.00",0,1,44,843,240,125,36,.398,.333,.775,19.2,5.5,2.8,0.8,0.5,.030,-3.7,-0.4
2016,2,49,DET,Michael Gbinije,Syracuse University,4,"$650,000.00",0,1,9,32,4,3,2,.100,.000,1.000,3.6,0.4,0.3,0.2,-0.1,-.136,-10.5,-0.1
2016,2,50,IND,Georges Niang,Iowa State University,4,"$650,000.00",0,1,23,93,21,17,5,.250,.083,1.000,4.0,0.9,0.7,0.2,-0.3,-.168,-12.0,-0.2
2016,2,51,BOS,Ben Bentil,Providence College,2,$0.00,0,1,3,10,0,2,0,.000,.000,,3.3,0.0,0.7,0.0,-0.1,-.473,-26.9,-0.1
2016,2,52,UTA,Joel Bolomboy,Weber State University,,"$600,000.00",0,1,12,53,22,17,2,.563,.250,.500,4.4,1.8,1.4,0.2,0.2,.171,-0.8,0.0
2016,2,53,DEN,Petr Cornelie,,,$0.00,0,,,,,,,,,,,,,,,,,
2016,2,54,ATL,Kay Felder,Oakland University,3,$0.00,0,1,42,386,166,41,58,.392,.318,.714,9.2,4.0,1.0,1.4,0.1,.008,-6.0,-0.4
2016,2,55,BRK,Marcus Paige,University of North Carolina,4,$0.00,0,,,,,,,,,,,,,,,,,
2016,2,56,DEN,Daniel Hamilton,University of Connecticut,2,$0.00,0,,,,,,,,,,,,,,,,,
2016,2,57,MEM,Wang Zhelin,,,$0.00,0,,,,,,,,,,,,,,,,,
2016,2,58,BOS,Abdel Nader,Iowa State University,4,$0.00,0,,,,,,,,,,,,,,,,,
2016,2,59,SAC,Isaiah Cousins,University of Oklahoma,4,$0.00,0,,,,,,,,,,,,,,,,,
2016,2,60,UTA,Tyrone Wallace,University of California,4,$0.00,0,,,,,,,,,,,,,,,,,
,,,,,,,,,,,,,,,,,,,,,,,,,
,,,,,,,,,,,,,,,,,,,,,,,,,
,,,,,,,,,,,,,,,,,,,,,,,,,
,,,,,,,,,,,,,,,,,,,,,,,,,
,,,,,,,,,,,,,,,,,,,,,,,,,
,,,,,,,,,,,,,,,,,,,,,,,,,
,,,,,,,,,,,,,,,,,,,,,,,,,
,,,,,,,,,,,,,,,,,,,,,,,,,
,,,,,,,,,,,,,,,,,,,,,,,,,
,,,,,,,,,,,,,,,,,,,,,,,,,
,,,,,,,,,,,,,,,,,,,,,,,,,
,,,,,,,,,,,,,,,,,,,,,,,,,
,,,,,,,,,,,,,,,,,,,,,,,,,
,,,,,,,,,,,,,,,,,,,,,,,,,
,,,,,,,,,,,,,,,,,,,,,,,,,
,,,,,,,,,,,,,,,,,,,,,,,,,
,,,,,,,,,,,,,,,,,,,,,,,,,
,,,,,,,,,,,,,,,,,,,,,,,,,
,,,,,,,,,,,,,,,,,,,,,,,,,
,,,,,,,,,,,,,,,,,,,,,,,,,
,,,,,,,,,,,,,,,,,,,,,,,,,
,,,,,,,,,,,,,,,,,,,,,,,,,
,,,,,,,,,,,,,,,,,,,,,,,,,
,,,,,,,,,,,,,,,,,,,,,,,,,
,,,,,,,,,,,,,,,,,,,,,,,,,
,,,,,,,,,,,,,,,,,,,,,,,,,
,,,,,,,,,,,,,,,,,,,,,,,,,
,,,,,,,,,,,,,,,,,,,,,,,,,
,,,,,,,,,,,,,,,,,,,,,,,,,
,,,,,,,,,,,,,,,,,,,,,,,,,
,,,,,,,,,,,,,,,,,,,,,,,,,
,,,,,,,,,,,,,,,,,,,,,,,,,
,,,,,,,,,,,,,,,,,,,,,,,,,
,,,,,,,,,,,,,,,,,,,,,,,,,
,,,,,,,,,,,,,,,,,,,,,,,,,
,,,,,,,,,,,,,,,,,,,,,,,,,
,,,,,,,,,,,,,,,,,,,,,,,,,
,,,,,,,,,,,,,,,,,,,,,,,,,
,,,,,,,,,,,,,,,,,,,,,,,,,
,,,,,,,,,,,,,,,,,,,,,,,,,
,,,,,,,,,,,,,,,,,,,,,,,,,
,,,,,,,,,,,,,,,,,,,,,,,,,
,,,,,,,,,,,,,,,,,,,,,,,,,
,,,,,,,,,,,,,,,,,,,,,,,,,
,,,,,,,,,,,,,,,,,,,,,,,,,
,,,,,,,,,,,,,,,,,,,,,,,,,
,,,,,,,,,,,,,,,,,,,,,,,,,
,,,,,,,,,,,,,,,,,,,,,,,,,
,,,,,,,,,,,,,,,,,,,,,,,,,
,,,,,,,,,,,,,,,,,,,,,,,,,
,,,,,,,,,,,,,,,,,,,,,,,,,
,,,,,,,,,,,,,,,,,,,,,,,,,
,,,,,,,,,,,,,,,,,,,,,,,,,
,,,,,,,,,,,,,,,,,,,,,,,,,
,,,,,,,,,,,,,,,,,,,,,,,,,
,,,,,,,,,,,,,,,,,,,,,,,,,
,,,,,,,,,,,,,,,,,,,,,,,,,
,,,,,,,,,,,,,,,,,,,,,,,,,
,,,,,,,,,,,,,,,,,,,,,,,,,
,,,,,,,,,,,,,,,,,,,,,,,,,
,,,,,,,,,,,,,,,,,,,,,,,,,
,,,,,,,,,,,,,,,,,,,,,,,,,
,,,,,,,,,,,,,,,,,,,,,,,,,
,,,,,,,,,,,,,,,,,,,,,,,,,
,,,,,,,,,,,,,,,,,,,,,,,,,
,,,,,,,,,,,,,,,,,,,,,,,,,
,,,,,,,,,,,,,,,,,,,,,,,,,
,,,,,,,,,,,,,,,,,,,,,,,,,
,,,,,,,,,,,,,,,,,,,,,,,,,
,,,,,,,,,,,,,,,,,,,,,,,,,
,,,,,,,,,,,,,,,,,,,,,,,,,
,,,,,,,,,,,,,,,,,,,,,,,,,
,,,,,,,,,,,,,,,,,,,,,,,,,
,,,,,,,,,,,,,,,,,,,,,,,,,
,,,,,,,,,,,,,,,,,,,,,,,,,
,,,,,,,,,,,,,,,,,,,,,,,,,
,,,,,,,,,,,,,,,,,,,,,,,,,
,,,,,,,,,,,,,,,,,,,,,,,,,
,,,,,,,,,,,,,,,,,,,,,,,,,
,,,,,,,,,,,,,,,,,,,,,,,,,
,,,,,,,,,,,,,,,,,,,,,,,,,
,,,,,,,,,,,,,,,,,,,,,,,,,
,,,,,,,,,,,,,,,,,,,,,,,,,
,,,,,,,,,,,,,,,,,,,,,,,,,
,,,,,,,,,,,,,,,,,,,,,,,,,
,,,,,,,,,,,,,,,,,,,,,,,,,
,,,,,,,,,,,,,,,,,,,,,,,,,
,,,,,,,,,,,,,,,,,,,,,,,,,
,,,,,,,,,,,,,,,,,,,,,,,,,
,,,,,,,,,,,,,,,,,,,,,,,,,
,,,,,,,,,,,,,,,,,,,,,,,,,
,,,,,,,,,,,,,,,,,,,,,,,,,
,,,,,,,,,,,,,,,,,,,,,,,,,
,,,,,,,,,,,,,,,,,,,,,,,,,
,,,,,,,,,,,,,,,,,,,,,,,,,
,,,,,,,,,,,,,,,,,,,,,,,,,
,,,,,,,,,,,,,,,,,,,,,,,,,
,,,,,,,,,,,,,,,,,,,,,,,,,
,,,,,,,,,,,,,,,,,,,,,,,,,
,,,,,,,,,,,,,,,,,,,,,,,,,
,,,,,,,,,,,,,,,,,,,,,,,,,
,,,,,,,,,,,,,,,,,,,,,,,,,
,,,,,,,,,,,,,,,,,,,,,,,,,
,,,,,,,,,,,,,,,,,,,,,,,,,
,,,,,,,,,,,,,,,,,,,,,,,,,
,,,,,,,,,,,,,,,,,,,,,,,,,
,,,,,,,,,,,,,,,,,,,,,,,,,
,,,,,,,,,,,,,,,,,,,,,,,,,
,,,,,,,,,,,,,,,,,,,,,,,,,
,,,,,,,,,,,,,,,,,,,,,,,,,
,,,,,,,,,,,,,,,,,,,,,,,,,
,,,,,,,,,,,,,,,,,,,,,,,,,
,,,,,,,,,,,,,,,,,,,,,,,,,
,,,,,,,,,,,,,,,,,,,,,,,,,
,,,,,,,,,,,,,,,,,,,,,,,,,
,,,,,,,,,,,,,,,,,,,,,,,,,
,,,,,,,,,,,,,,,,,,,,,,,,,
,,,,,,,,,,,,,,,,,,,,,,,,,
,,,,,,,,,,,,,,,,,,,,,,,,,
,,,,,,,,,,,,,,,,,,,,,,,,,
,,,,,,,,,,,,,,,,,,,,,,,,,
,,,,,,,,,,,,,,,,,,,,,,,,,
,,,,,,,,,,,,,,,,,,,,,,,,,
,,,,,,,,,,,,,,,,,,,,,,,,,
,,,,,,,,,,,,,,,,,,,,,,,,,
,,,,,,,,,,,,,,,,,,,,,,,,,
,,,,,,,,,,,,,,,,,,,,,,,,,
,,,,,,,,,,,,,,,,,,,,,,,,,
,,,,,,,,,,,,,,,,,,,,,,,,,
,,,,,,,,,,,,,,,,,,,,,,,,,
,,,,,,,,,,,,,,,,,,,,,,,,,
,,,,,,,,,,,,,,,,,,,,,,,,,
,,,,,,,,,,,,,,,,,,,,,,,,,
,,,,,,,,,,,,,,,,,,,,,,,,,
,,,,,,,,,,,,,,,,,,,,,,,,,
,,,,,,,,,,,,,,,,,,,,,,,,,
,,,,,,,,,,,,,,,,,,,,,,,,,
,,,,,,,,,,,,,,,,,,,,,,,,,
,,,,,,,,,,,,,,,,,,,,,,,,,
,,,,,,,,,,,,,,,,,,,,,,,,,
,,,,,,,,,,,,,,,,,,,,,,,,,
,,,,,,,,,,,,,,,,,,,,,,,,,
,,,,,,,,,,,,,,,,,,,,,,,,,
,,,,,,,,,,,,,,,,,,,,,,,,,
,,,,,,,,,,,,,,,,,,,,,,,,,
,,,,,,,,,,,,,,,,,,,,,,,,,
,,,,,,,,,,,,,,,,,,,,,,,,,
,,,,,,,,,,,,,,,,,,,,,,,,,
,,,,,,,,,,,,,,,,,,,,,,,,,
,,,,,,,,,,,,,,,,,,,,,,,,,
,,,,,,,,,,,,,,,,,,,,,,,,,
,,,,,,,,,,,,,,,,,,,,,,,,,
,,,,,,,,,,,,,,,,,,,,,,,,,
,,,,,,,,,,,,,,,,,,,,,,,,,
,,,,,,,,,,,,,,,,,,,,,,,,,
,,,,,,,,,,,,,,,,,,,,,,,,,
,,,,,,,,,,,,,,,,,,,,,,,,,
,,,,,,,,,,,,,,,,,,,,,,,,,
,,,,,,,,,,,,,,,,,,,,,,,,,
,,,,,,,,,,,,,,,,,,,,,,,,,
,,,,,,,,,,,,,,,,,,,,,,,,,
,,,,,,,,,,,,,,,,,,,,,,,,,
,,,,,,,,,,,,,,,,,,,,,,,,,
,,,,,,,,,,,,,,,,,,,,,,,,,
,,,,,,,,,,,,,,,,,,,,,,,,,
,,,,,,,,,,,,,,,,,,,,,,,,,
,,,,,,,,,,,,,,,,,,,,,,,,,
,,,,,,,,,,,,,,,,,,,,,,,,,
,,,,,,,,,,,,,,,,,,,,,,,,,
,,,,,,,,,,,,,,,,,,,,,,,,,
,,,,,,,,,,,,,,,,,,,,,,,,,
,,,,,,,,,,,,,,,,,,,,,,,,,
,,,,,,,,,,,,,,,,,,,,,,,,,
,,,,,,,,,,,,,,,,,,,,,,,,,
,,,,,,,,,,,,,,,,,,,,,,,,,
,,,,,,,,,,,,,,,,,,,,,,,,,
,,,,,,,,,,,,,,,,,,,,,,,,,
,,,,,,,,,,,,,,,,,,,,,,,,,
,,,,,,,,,,,,,,,,,,,,,,,,,
,,,,,,,,,,,,,,,,,,,,,,,,,
,,,,,,,,,,,,,,,,,,,,,,,,,
,,,,,,,,,,,,,,,,,,,,,,,,,
,,,,,,,,,,,,,,,,,,,,,,,,,
,,,,,,,,,,,,,,,,,,,,,,,,,
,,,,,,,,,,,,,,,,,,,,,,,,,
,,,,,,,,,,,,,,,,,,,,,,,,,
,,,,,,,,,,,,,,,,,,,,,,,,,
,,,,,,,,,,,,,,,,,,,,,,,,,
,,,,,,,,,,,,,,,,,,,,,,,,,
,,,,,,,,,,,,,,,,,,,,,,,,,
,,,,,,,,,,,,,,,,,,,,,,,,,
,,,,,,,,,,,,,,,,,,,,,,,,,
,,,,,,,,,,,,,,,,,,,,,,,,,
,,,,,,,,,,,,,,,,,,,,,,,,,
,,,,,,,,,,,,,,,,,,,,,,,,,
,,,,,,,,,,,,,,,,,,,,,,,,,
,,,,,,,,,,,,,,,,,,,,,,,,,
,,,,,,,,,,,,,,,,,,,,,,,,,
,,,,,,,,,,,,,,,,,,,,,,,,,
,,,,,,,,,,,,,,,,,,,,,,,,,
,,,,,,,,,,,,,,,,,,,,,,,,,
,,,,,,,,,,,,,,,,,,,,,,,,,
,,,,,,,,,,,,,,,,,,,,,,,,,
,,,,,,,,,,,,,,,,,,,,,,,,,
,,,,,,,,,,,,,,,,,,,,,,,,,
,,,,,,,,,,,,,,,,,,,,,,,,,
,,,,,,,,,,,,,,,,,,,,,,,,,
,,,,,,,,,,,,,,,,,,,,,,,,,
,,,,,,,,,,,,,,,,,,,,,,,,,
,,,,,,,,,,,,,,,,,,,,,,,,,
,,,,,,,,,,,,,,,,,,,,,,,,,
,,,,,,,,,,,,,,,,,,,,,,,,,
,,,,,,,,,,,,,,,,,,,,,,,,,
,,,,,,,,,,,,,,,,,,,,,,,,,
,,,,,,,,,,,,,,,,,,,,,,,,,
,,,,,,,,,,,,,,,,,,,,,,,,,
,,,,,,,,,,,,,,,,,,,,,,,,,
,,,,,,,,,,,,,,,,,,,,,,,,,
,,,,,,,,,,,,,,,,,,,,,,,,,
,,,,,,,,,,,,,,,,,,,,,,,,,
,,,,,,,,,,,,,,,,,,,,,,,,,
,,,,,,,,,,,,,,,,,,,,,,,,,
,,,,,,,,,,,,,,,,,,,,,,,,,
,,,,,,,,,,,,,,,,,,,,,,,,,
,,,,,,,,,,,,,,,,,,,,,,,,,
,,,,,,,,,,,,,,,,,,,,,,,,,
,,,,,,,,,,,,,,,,,,,,,,,,,
,,,,,,,,,,,,,,,,,,,,,,,,,
,,,,,,,,,,,,,,,,,,,,,,,,,
,,,,,,,,,,,,,,,,,,,,,,,,,
,,,,,,,,,,,,,,,,,,,,,,,,,
,,,,,,,,,,,,,,,,,,,,,,,,,
,,,,,,,,,,,,,,,,,,,,,,,,,
,,,,,,,,,,,,,,,,,,,,,,,,,
,,,,,,,,,,,,,,,,,,,,,,,,,
,,,,,,,,,,,,,,,,,,,,,,,,,
,,,,,,,,,,,,,,,,,,,,,,,,,
,,,,,,,,,,,,,,,,,,,,,,,,,
,,,,,,,,,,,,,,,,,,,,,,,,,
,,,,,,,,,,,,,,,,,,,,,,,,,
,,,,,,,,,,,,,,,,,,,,,,,,,
,,,,,,,,,,,,,,,,,,,,,,,,,
,,,,,,,,,,,,,,,,,,,,,,,,,
,,,,,,,,,,,,,,,,,,,,,,,,,
,,,,,,,,,,,,,,,,,,,,,,,,,
,,,,,,,,,,,,,,,,,,,,,,,,,
,,,,,,,,,,,,,,,,,,,,,,,,,
,,,,,,,,,,,,,,,,,,,,,,,,,
,,,,,,,,,,,,,,,,,,,,,,,,,
,,,,,,,,,,,,,,,,,,,,,,,,,
,,,,,,,,,,,,,,,,,,,,,,,,,
,,,,,,,,,,,,,,,,,,,,,,,,,
,,,,,,,,,,,,,,,,,,,,,,,,,
,,,,,,,,,,,,,,,,,,,,,,,,,
,,,,,,,,,,,,,,,,,,,,,,,,,
,,,,,,,,,,,,,,,,,,,,,,,,,
,,,,,,,,,,,,,,,,,,,,,,,,,
,,,,,,,,,,,,,,,,,,,,,,,,,
,,,,,,,,,,,,,,,,,,,,,,,,,
,,,,,,,,,,,,,,,,,,,,,,,,,
,,,,,,,,,,,,,,,,,,,,,,,,,
,,,,,,,,,,,,,,,,,,,,,,,,,
,,,,,,,,,,,,,,,,,,,,,,,,,
,,,,,,,,,,,,,,,,,,,,,,,,,
,,,,,,,,,,,,,,,,,,,,,,,,,
,,,,,,,,,,,,,,,,,,,,,,,,,
,,,,,,,,,,,,,,,,,,,,,,,,,
,,,,,,,,,,,,,,,,,,,,,,,,,
,,,,,,,,,,,,,,,,,,,,,,,,,
,,,,,,,,,,,,,,,,,,,,,,,,,
,,,,,,,,,,,,,,,,,,,,,,,,,
,,,,,,,,,,,,,,,,,,,,,,,,,
,,,,,,,,,,,,,,,,,,,,,,,,,
,,,,,,,,,,,,,,,,,,,,,,,,,
,,,,,,,,,,,,,,,,,,,,,,,,,
,,,,,,,,,,,,,,,,,,,,,,,,,
,,,,,,,,,,,,,,,,,,,,,,,,,
,,,,,,,,,,,,,,,,,,,,,,,,,
,,,,,,,,,,,,,,,,,,,,,,,,,
,,,,,,,,,,,,,,,,,,,,,,,,,
,,,,,,,,,,,,,,,,,,,,,,,,,
,,,,,,,,,,,,,,,,,,,,,,,,,
,,,,,,,,,,,,,,,,,,,,,,,,,
,,,,,,,,,,,,,,,,,,,,,,,,,
,,,,,,,,,,,,,,,,,,,,,,,,,
,,,,,,,,,,,,,,,,,,,,,,,,,
,,,,,,,,,,,,,,,,,,,,,,,,,
,,,,,,,,,,,,,,,,,,,,,,,,,
,,,,,,,,,,,,,,,,,,,,,,,,,
,,,,,,,,,,,,,,,,,,,,,,,,,
,,,,,,,,,,,,,,,,,,,,,,,,,
,,,,,,,,,,,,,,,,,,,,,,,,,
,,,,,,,,,,,,,,,,,,,,,,,,,
,,,,,,,,,,,,,,,,,,,,,,,,,
,,,,,,,,,,,,,,,,,,,,,,,,,
,,,,,,,,,,,,,,,,,,,,,,,,,
,,,,,,,,,,,,,,,,,,,,,,,,,
,,,,,,,,,,,,,,,,,,,,,,,,,
,,,,,,,,,,,,,,,,,,,,,,,,,
,,,,,,,,,,,,,,,,,,,,,,,,,
,,,,,,,,,,,,,,,,,,,,,,,,,
,,,,,,,,,,,,,,,,,,,,,,,,,
,,,,,,,,,,,,,,,,,,,,,,,,,
,,,,,,,,,,,,,,,,,,,,,,,,,
,,,,,,,,,,,,,,,,,,,,,,,,,
,,,,,,,,,,,,,,,,,,,,,,,,,
,,,,,,,,,,,,,,,,,,,,,,,,,
,,,,,,,,,,,,,,,,,,,,,,,,,
,,,,,,,,,,,,,,,,,,,,,,,,,
,,,,,,,,,,,,,,,,,,,,,,,,,
,,,,,,,,,,,,,,,,,,,,,,,,,
,,,,,,,,,,,,,,,,,,,,,,,,,
,,,,,,,,,,,,,,,,,,,,,,,,,
,,,,,,,,,,,,,,,,,,,,,,,,,
,,,,,,,,,,,,,,,,,,,,,,,,,
,,,,,,,,,,,,,,,,,,,,,,,,,
,,,,,,,,,,,,,,,,,,,,,,,,,
,,,,,,,,,,,,,,,,,,,,,,,,,
,,,,,,,,,,,,,,,,,,,,,,,,,
,,,,,,,,,,,,,,,,,,,,,,,,,
,,,,,,,,,,,,,,,,,,,,,,,,,
,,,,,,,,,,,,,,,,,,,,,,,,,
,,,,,,,,,,,,,,,,,,,,,,,,,
,,,,,,,,,,,,,,,,,,,,,,,,,
,,,,,,,,,,,,,,,,,,,,,,,,,
,,,,,,,,,,,,,,,,,,,,,,,,,
,,,,,,,,,,,,,,,,,,,,,,,,,
,,,,,,,,,,,,,,,,,,,,,,,,,
,,,,,,,,,,,,,,,,,,,,,,,,,
,,,,,,,,,,,,,,,,,,,,,,,,,
,,,,,,,,,,,,,,,,,,,,,,,,,
,,,,,,,,,,,,,,,,,,,,,,,,,
,,,,,,,,,,,,,,,,,,,,,,,,,
,,,,,,,,,,,,,,,,,,,,,,,,,
,,,,,,,,,,,,,,,,,,,,,,,,,
,,,,,,,,,,,,,,,,,,,,,,,,,
,,,,,,,,,,,,,,,,,,,,,,,,,
,,,,,,,,,,,,,,,,,,,,,,,,,
