DraftYr,Round,Pk,Tm,Player,College,CollegeYrs,Salary,Championships,Career,G,MP,PTS,TRB,AST,FG%,3P%,FT%,MP,PTS,TRB,AST,WS,WS/48,BPM,VORP
2006,1,4,POR,Tyrus Thomas,Louisiana State University,1,"$37,230,751.00 ",0,8,402,7932,3093,1938,347,0.438,0.235,0.732,19.7,7.7,4.8,0.9,13,0.078,-1.1,1.7
2006,1,9,GSW,Patrick O'Bryant,Bradley University,2,"$5,930,890.00 ",0,4,90,524,186,127,25,0.494,0,0.583,5.8,2.1,1.4,0.3,0.5,0.046,-3.1,-0.2
2006,1,15,NOK,Cedric Simmons,North Carolina State University,2,"$4,887,360.00 ",0,3,75,705,163,141,14,0.409,,0.39,9.4,2.2,1.9,0.2,0.1,0.005,-5.7,-0.7
2006,2,49,DEN,Leon Powe,University of California,2,"$3,375,325.00 ",1,5,239,3320,1484,911,78,0.515,0,0.682,13.9,6.2,3.8,0.3,12,0.174,-2.3,-0.2
2006,1,26,LAL,Jordan Farmar,University of California Los Angeles,2,"$16,975,920.00 ",2,10,504,9840,3888,958,1453,0.423,0.374,0.739,19.5,7.7,1.9,2.9,13.9,0.068,-1.4,1.6
2006,1,8,HOU,Rudy Gay,University of Connecticut,2,"$118,553,601.00 ",0,11,753,26815,13860,4452,1710,0.452,0.345,0.796,35.6,18.4,5.9,2.3,47.4,0.085,0.5,16.8
2006,1,21,PHO,Rajon Rondo,University of Kentucky,2,"$84,282,883.00 ",1,11,714,23045,7606,3483,6075,0.463,0.304,0.606,32.3,10.7,4.9,8.5,53.5,0.111,1.8,22
2006,2,33,ATL,Solomon Jones,University of South Florida,2,"$6,108,754.00 ",0,8,281,3092,839,654,99,0.467,0.111,0.717,11,3,2.3,0.4,5,0.078,-2.9,-0.7
2006,1,2,CHI,LaMarcus Aldridge,University of Texas at Austin,2,"$128,724,912.00 ",0,11,794,27568,15136,6589,1510,0.486,0.287,0.802,34.7,19.1,8.3,1.9,86.7,0.151,1.2,22.4
2006,2,42,CLE,Daniel Gibson,University of Texas at Austin,2,"$21,000,000.00 ",0,7,397,9316,3115,792,775,0.402,0.407,0.78,23.5,7.8,2,2,16,0.082,-1,2.3
2006,1,24,MEM,Kyle Lowry,Villanova University,2,"$40,757,916.00 ",0,11,713,22058,10162,2908,4123,0.424,0.364,0.799,30.9,14.3,4.1,5.8,69.9,0.152,3.7,31.5
2006,2,45,IND,Alexander Johnson,Florida State University,3,"$2,684,495.00 ",0,2,102,1302,439,275,30,0.517,,0.672,12.8,4.3,2.7,0.3,1.5,0.056,-4.3,-0.7
2006,2,58,DAL,J.R. Pinnock,George Washington University,3,$0.00 ,0,0,,,,,,,,,,,,,,,,
2006,1,3,CHA,Adam Morrison,Gonzaga University,3,"$16,920,989.00 ",2,3,161,3278,1200,342,222,0.373,0.331,0.71,20.4,7.5,2.1,1.4,-1.4,-0.021,-5.5,-2.9
2006,2,60,DET,Will Blalock,Iowa State University,3,"$412,718.00 ",0,1,14,166,25,15,17,0.3,0.2,1,11.9,1.8,1.1,1.2,-0.1,-0.032,-5.7,-0.2
2006,2,47,UTA,Paul Millsap,Louisiana Tech University,3,"$90,868,890.00 ",0,11,837,24683,11890,6254,1922,0.493,0.328,0.736,29.5,14.2,7.5,2.3,79.6,0.155,3.4,33.5
2006,1,25,CLE,Shannon Brown,Michigan State University,3,"$7,853,038.00 ",3,9,408,7329,3118,760,458,0.42,0.332,0.807,18,7.6,1.9,1.1,9.2,0.06,-2.3,-0.6
2006,1,19,SAC,Quincy Douby,Rutgers University,3,"$7,422,636.00 ",0,3,143,1535,588,152,93,0.389,0.312,0.884,10.7,4.1,1.1,0.7,0,0,-5.4,-1.3
2006,1,14,UTA,Ronnie Brewer,University of Arkansas,3,"$18,742,359.00 ",0,8,502,11539,3940,1427,828,0.49,0.254,0.675,23,7.8,2.8,1.6,30.4,0.127,1.7,10.7
2006,1,22,NJN,Marcus Williams,University of Connecticut,3,"$5,241,848.00 ",0,4,203,3095,1128,361,574,0.386,0.321,0.767,15.2,5.6,1.8,2.8,0,-0.001,-4.6,-2
2006,1,23,NJN,Josh Boone,University of Connecticut,3,"$5,456,088.00 ",0,4,256,4482,1340,1258,125,0.544,,0.445,17.5,5.2,4.9,0.5,9.1,0.097,-1.9,0.1
2006,2,52,LAC,Guillermo Diaz,University of Miami,3,$0.00 ,0,1,6,18,5,2,1,0.25,0,0.6,3,0.8,0.3,0.2,0,0.033,-5.9,0
2006,1,20,NYK,Renaldo Balkman,University of South Carolina,3,"$10,979,217.00 ",0,6,221,3064,894,769,132,0.51,0.172,0.542,13.9,4,3.5,0.6,7.2,0.113,0.9,2.2
2006,2,35,TOR,PJ Tucker,University of Texas at Austin,3,"$16,500,000.00 ",0,6,418,11642,3201,2387,651,0.432,0.351,0.751,27.9,7.7,5.7,1.6,21.1,0.087,1,8.7
2006,2,36,MIN,Craig Smith,Boston College,4,"$7,100,000.00 ",0,6,403,6826,3080,1567,322,0.553,0.037,0.661,16.9,7.6,3.9,0.8,16,0.113,-1.5,0.9
2006,1,5,ATL,Shelden Williams,Duke University,4,"$9,522,840.00 ",0,6,361,5586,1618,1562,163,0.462,0.222,0.74,15.5,4.5,4.3,0.5,9.9,0.085,-2.8,-1.2
2006,1,11,ORL,JJ Redick,Duke University,4,"$57,345,008.00 ",0,11,690,17165,8214,1324,1276,0.447,0.415,0.888,24.9,11.9,1.9,1.8,46.5,0.13,0.1,9.2
2006,2,32,HOU,Steve Novak,Marquette University,4,"$13,482,904.00 ",1,11,467,5657,2177,591,132,0.437,0.43,0.877,12.1,4.7,1.3,0.3,14.5,0.123,-0.9,1.6
2006,1,28,DAL,Maurice Ager,Michigan State University,4,"$2,923,320.00 ",0,4,82,505,169,46,19,0.339,0.25,0.566,6.2,2.1,0.6,0.2,-0.9,-0.089,-10.4,-1.1
2006,2,34,LAC,Paul Davis,Michigan State University,4,"$4,787,025.00 ",0,4,82,702,217,158,32,0.402,0,0.732,8.6,2.6,1.9,0.4,0.5,0.035,-4.7,-0.5
2006,1,29,NYK,Mardy Collins,Temple University,4,"$4,769,702.00 ",0,4,189,2771,742,336,327,0.38,0.299,0.599,14.7,3.9,1.8,1.7,-1.6,-0.027,-4.9,-2
2006,2,54,NJN,Hassan Adams,University of Arizona,4,"$412,718.00 ",0,2,73,547,185,84,14,0.534,0,0.643,7.5,2.5,1.2,0.2,0.8,0.072,-4.4,-0.3
2006,2,50,CHA,Ryan Hollins,University of California Los Angeles,4,"$8,876,610.00 ",0,10,518,6134,1913,1140,151,0.584,0,0.649,11.8,3.7,2.2,0.3,10.4,0.081,-2.6,-1
2006,2,31,POR,James White,University of Cincinnati,4,"$2,240,586.00 ",1,3,67,583,182,68,35,0.438,0.34,0.676,8.7,2.7,1,0.5,0.8,0.062,-3.4,-0.2
2006,1,12,NOK,Hilton Armstrong,University of Connecticut,4,"$10,308,102.00 ",0,6,292,3378,880,766,102,0.501,0.286,0.582,11.6,3,2.6,0.3,3.9,0.055,-2.8,-0.7
2006,2,40,SEA,Denham Brown,University of Connecticut,4,$0.00 ,0,0,,,,,,,,,,,,,,,,
2006,2,41,ORL,James Augustine,University of Illinois at Urbana-Champaign,4,"$412,718.00 ",0,2,27,156,42,33,4,0.514,,0.5,5.8,1.6,1.2,0.1,0.3,0.101,-2.2,0
2006,2,46,UTA,Dee Brown,University of Illinois at Urbana-Champaign,4,$0.00 ,0,2,68,711,140,69,119,0.34,0.25,0.643,10.5,2.1,1,1.8,0.1,0.008,-4.1,-0.4
2006,1,16,CHI,Rodney Carney,University of Memphis,4,"$4,643,280.00 ",0,5,299,4600,1778,588,132,0.422,0.338,0.704,15.4,5.9,2,0.4,6.2,0.064,-2.7,-0.8
2006,1,17,IND,Shawne Williams,University of Memphis,4,"$14,325,132.00 ",0,7,314,5368,1769,945,220,0.403,0.339,0.755,17.1,5.6,3,0.7,6.7,0.06,-2,0
2006,2,39,MIL,David Noel,University of North Carolina,4,"$412,718.00 ",0,1,68,792,184,123,65,0.367,0.321,0.86,11.6,2.7,1.8,1,0.4,0.024,-3.4,-0.3
2006,1,6,MIN,Brandon Roy,University of Washington,4,"$46,295,950.00 ",0,6,326,11561,6136,1388,1517,0.459,0.348,0.8,35.5,18.8,4.3,4.7,37.4,0.155,3.2,15.2
2006,2,37,MIN,Bobby Jones,University of Washington,4,"$436,981.00 ",0,2,91,867,288,149,44,0.442,0.306,0.685,9.5,3.2,1.6,0.5,1.1,0.06,-3.5,-0.3
2006,1,7,BOS,Randy Foye,Villanova University,4,"$31,106,401.00 ",0,11,752,19279,7729,1686,2112,0.401,0.366,0.852,25.6,10.3,2.2,2.8,23.5,0.058,-1.3,3.4
2007,1,12,PHI,Thaddeus Young,Georgia Institute of Technology,1,"$70,614,937.00 ",0,10,739,22594,10065,4364,1134,0.5,0.327,0.679,30.6,13.6,5.9,1.5,47.3,0.1,0.4,13.6
2007,1,19,LAL,Javaris Crittenton,Georgia Institute of Technology,1,"$6,707,847.00 ",0,2,113,1853,595,276,201,0.442,0.231,0.638,16.4,5.3,2.4,1.8,0.1,0.002,-4.3,-1.1
2007,1,1,POR,Greg Oden,Ohio State University,1,"$24,795,444.00 ",0,3,105,2028,840,656,51,0.574,,0.658,19.3,8,6.2,0.5,7.3,0.174,1.1,1.6
2007,1,4,MEM,Mike Conley,Ohio State University,1,"$83,344,617.00 ",0,10,706,22985,10050,2061,4011,0.443,0.379,0.815,32.6,14.2,2.9,5.7,62.8,0.131,1.9,22.5
2007,1,21,PHI,Daequan Cook,Ohio State University,1,"$9,843,768.00 ",0,6,328,5993,2114,703,243,0.369,0.359,0.813,18.3,6.4,2.1,0.7,4.9,0.039,-3.6,-2.4
2007,1,8,CHA,Brandan Wright,University of North Carolina,1,"$33,972,324.00 ",0,9,400,6568,2837,1465,186,0.608,0,0.676,16.4,7.1,3.7,0.5,24.9,0.182,1.7,6.1
2007,1,2,SEA,Kevin Durant,University of Texas at Austin,1,"$114,003,114.00 ",1,10,703,26278,19121,5031,2663,0.488,0.379,0.882,37.4,27.2,7.2,3.8,119.8,0.219,5.1,47
2007,1,10,SAC,Spencer Hawes,University of Washington,1,"$44,331,297.00 ",0,10,684,15541,5932,3893,1271,0.457,0.35,0.716,22.7,8.7,5.7,1.9,22.6,0.07,-0.7,5
2007,1,23,NYK,Wilson Chandler,DePaul University,2,"$51,882,781.00 ",0,9,516,16030,7215,2816,925,0.445,0.339,0.769,31.1,14,5.5,1.8,23.5,0.07,-0.7,5.2
2007,2,37,POR,Josh McRoberts,Duke University,2,"$18,717,621.00 ",0,10,431,8265,2333,1686,901,0.464,0.341,0.705,19.2,5.4,3.9,2.1,18.5,0.107,1,6.2
2007,1,15,DET,Rodney Stuckey,Eastern Washington University,2,"$48,898,686.00 ",0,10,651,17890,8185,1912,2333,0.423,0.3,0.824,27.5,12.6,2.9,3.6,28.7,0.077,-1.4,2.7
2007,1,13,NOK,Julian Wright,University of Kansas,2,"$14,182,971.00 ",0,4,231,3049,907,531,182,0.499,0.262,0.584,13.2,3.9,2.3,0.8,3.9,0.061,-1.3,0.5
2007,1,17,NJN,Sean Williams,Boston College,3,"$6,247,726.00 ",0,4,137,1978,581,472,47,0.511,0,0.624,14.4,4.2,3.4,0.3,3,0.073,-2,0
2007,2,47,WAS,Dominic McGuire,California State University Fresno,3,"$1,418,666.00 ",0,6,342,5348,939,1169,422,0.419,0.188,0.658,15.6,2.7,3.4,1.2,4.1,0.037,-1.6,0.6
2007,1,20,MIA,Jason Smith,Colorado State University,3,"$27,478,833.00 ",0,9,563,9554,3599,1970,425,0.473,0.366,0.777,17,6.4,3.5,0.8,13.9,0.07,-2.5,-1.3
2007,1,5,BOS,Jeff Green,Georgetown University,3,"$72,767,976.00 ",0,9,705,21894,9528,3320,1135,0.435,0.333,0.792,31.1,13.5,4.7,1.6,32.7,0.072,-1.3,3.9
2007,2,35,SEA,Glen Davis,Louisiana State University,3,"$19,127,171.00 ",1,8,514,10865,4111,2236,457,0.447,0.182,0.7,21.1,8,4.4,0.9,18.6,0.082,-2.3,-0.8
2007,2,51,CHI,JamesOn Curry,Oklahoma State University,3,"$427,163.00 ",0,1,1,0,0,0,0,,,,0,0,0,0,0,,,0
2007,2,31,SEA,Carl Landry,Purdue University,3,"$37,500,000.00 ",0,9,513,11524,5541,2533,355,0.535,0.3,0.785,22.5,10.8,4.9,0.7,35.9,0.149,-1.1,2.6
2007,2,33,SAS,Marcus Williams,University of Arizona,3,"$5,241,848.00 ",0,2,13,39,14,12,3,0.318,,,3,1.1,0.9,0.2,-0.1,-0.084,-7.5,-0.1
2007,1,27,DET,Arron Afflalo,University of California Los Angeles,3,"$33,950,297.00 ",0,10,709,20147,8019,2110,1356,0.451,0.386,0.825,28.4,11.3,3,1.9,33.3,0.079,-1,5.2
2007,1,3,ATL,Al Horford,University of Florida,3,"$80,560,600.00 ",0,10,646,21535,9240,5609,1926,0.528,0.346,0.748,33.3,14.3,8.7,3,70.5,0.157,3,27.2
2007,1,7,MIN,Corey Brewer,University of Florida,3,"$46,434,527.00 ",1,10,711,17038,6561,2049,1144,0.424,0.283,0.713,24,9.2,2.9,1.6,19.2,0.054,-1,4.2
2007,1,9,CHI,Joakim Noah,University of Florida,3,"$87,315,096.00 ",0,10,618,17863,5557,5790,1807,0.49,0,0.699,28.9,9,9.4,2.9,59.6,0.16,4.2,27.8
2007,2,52,POR,Taurean Green,University of Florida,3,"$427,163.00 ",0,1,17,74,27,10,11,0.28,0.182,0.917,4.4,1.6,0.6,0.6,-0.1,-0.066,-8.2,-0.1
2007,2,56,MIL,Ramon Sessions,University of Nevada Reno,3,"$33,290,105.00 ",0,10,663,15727,7005,1802,2730,0.436,0.316,0.792,23.7,10.6,2.7,4.1,28.5,0.087,-1.8,0.8
2007,1,16,WAS,Nick Young,University of Southern California,3,"$33,499,809.00 ",0,10,636,14989,7604,1301,649,0.419,0.376,0.835,23.6,12,2,1,16.9,0.054,-3.4,-5.2
2007,2,32,BOS,Gabe Pruitt,University of Southern California,3,"$2,300,994.00 ",1,2,62,461,125,51,52,0.321,0.283,0.783,7.4,2,0.8,0.8,0.4,0.043,-3.1,-0.1
2007,1,22,CHA,Jared Dudley,Boston College,4,"$37,663,028.00 ",0,10,740,17766,6120,2527,1200,0.468,0.397,0.732,24,8.3,3.4,1.6,39.5,0.107,1.3,14.7
2007,2,57,DET,Sammy Mejia,DePaul University,4,"$427,163.00 ",0,0,,,,,,,,,,,,,,,,
2007,1,14,LAC,Al Thornton,Florida State University,4,"$5,961,972.00 ",0,4,296,8274,3527,1233,353,0.452,0.293,0.747,28,11.9,4.2,1.2,6.1,0.035,-3.5,-3.1
2007,2,45,LAC,Jared Jordan,Marist College,4,$0.00 ,0,0,,,,,,,,,,,,,,,,
2007,2,55,UTA,Herbert Hill,Providence College,4,$0.00 ,0,0,,,,,,,,,,,,,,,,
2007,1,25,UTA,Morris Almond,Rice University,4,"$2,238,986.00 ",0,3,38,361,119,46,12,0.381,0.292,0.743,9.5,3.1,1.2,0.3,0,0.005,-6.4,-0.4
2007,2,53,POR,Demetris Nichols,Syracuse University,4,"$427,163.00 ",0,2,18,58,22,7,2,0.281,0.2,0.5,3.2,1.2,0.4,0.1,-0.2,-0.203,-15.3,-0.2
2007,1,11,ATL,Acie Law,Texas A&M University,4,"$8,114,679.00 ",0,4,188,2385,725,195,309,0.413,0.235,0.778,12.7,3.9,1,1.6,1.6,0.032,-5.4,-2
2007,2,36,GSW,Jermareo Davidson,University of Alabama,4,"$422,725.00 ",0,2,52,433,162,96,14,0.425,,0.578,8.3,3.1,1.8,0.3,0,0,-7.6,-0.6
2007,2,41,MIN,Chris Richard,University of Florida,4,"$1,072,788.00 ",0,2,70,780,135,194,25,0.483,,0.605,11.1,1.9,2.8,0.4,0.7,0.045,-3.5,-0.3
2007,2,43,NOK,Adam Haluska,University of Iowa,4,$0.00 ,0,0,,,,,,,,,,,,,,,,
2007,2,59,PHO,D.J. Strawberry,University of Maryland,4,"$711,517.00 ",0,1,33,270,73,28,30,0.315,0.24,0.474,8.2,2.2,0.8,0.9,-0.2,-0.031,-5.1,-0.2
2007,2,46,GSW,Stephane Lasme,University of Massachusetts Amherst,4,"$67,844.00 ",0,1,16,303,83,53,3,0.451,,0.594,18.9,5.2,3.3,0.2,0.3,0.041,-2.8,-0.1
2007,2,34,DAL,Nick Fazekas,University of Nevada Reno,4,"$125,636.00 ",0,1,26,269,107,89,11,0.561,0,0.682,10.3,4.1,3.4,0.4,0.8,0.148,-0.1,0.1
2007,2,44,ORL,Reyshawn Terry,University of North Carolina,4,$0.00 ,0,0,,,,,,,,,,,,,,,,
2007,1,26,HOU,Aaron Brooks,University of Oregon,4,"$14,520,184.00 ",0,9,613,13250,6184,1062,1905,0.413,0.37,0.839,21.6,10.1,1.7,3.1,19.1,0.069,-1.7,0.9
2007,2,49,CHI,Aaron Gray,University of Pittsburgh,4,"$9,234,714.00 ",0,7,318,3851,1066,1190,207,0.509,0,0.562,12.1,3.4,3.7,0.7,6.2,0.077,-1.8,0.2
2007,2,42,POR,Derrick Byars,Vanderbilt University,4,"$1,769,565.00 ",0,1,2,37,10,11,1,0.273,0,1,18.5,5,5.5,0.5,0.1,0.147,0.6,0
2007,1,29,PHO,Alando Tucker,University of Wisconsin,5,"$6,220,680.00 ",0,3,51,426,211,49,16,0.423,0.294,0.783,8.4,4.1,1,0.3,0.4,0.045,-6.7,-0.5
2008,1,7,LAC,Eric Gordon,Indiana University,1,"$69,373,121.00 ",0,9,492,16471,8151,1251,1559,0.431,0.38,0.816,33.5,16.6,2.5,3.2,26.3,0.077,-0.6,5.7
2008,2,55,POR,Mike Taylor,Iowa State University,1,"$2,709,260.00 ",0,1,51,771,289,87,106,0.412,0.325,0.691,15.1,5.7,1.7,2.1,-0.4,-0.028,-5.5,-0.7
2008,1,2,MIA,Michael Beasley,Kansas State University,1,"$28,083,725.00 ",0,9,509,11973,6411,2387,640,0.458,0.347,0.758,23.5,12.6,4.7,1.3,12.9,0.052,-3.5,-4.4
2008,1,14,GSW,Anthony Randolph,Louisiana State University,1,"$13,673,791.00 ",0,6,252,3841,1789,1078,187,0.453,0.241,0.74,15.2,7.1,4.3,0.7,5.8,0.072,-2.1,-0.1
2008,1,19,CLE,JJ Hickson,North Carolina State University,1,"$21,446,925.00 ",0,8,534,11925,5081,3639,449,0.505,0,0.617,22.3,9.5,6.8,0.8,21.9,0.088,-2.3,-0.9
2008,1,23,UTA,Kosta Koufos,Ohio State University,1,"$30,639,212.00 ",0,9,573,9378,3280,2803,236,0.532,0,0.605,16.4,5.7,4.9,0.4,23.7,0.121,-1,2.4
2008,1,28,MEM,Donte Greene,Syracuse University,1,"$5,969,828.00 ",0,4,253,4259,1541,600,183,0.406,0.304,0.701,16.8,6.1,2.4,0.7,1.5,0.017,-3.8,-2
2008,2,35,LAC,DeAndre Jordan,Texas A&M University,1,"$44,779,047.00 ",0,9,673,18621,6151,6817,440,0.677,0.091,0.43,27.7,9.1,10.1,0.7,66.9,0.173,2.2,19.6
2008,1,11,IND,Jerryd Bayless,University of Arizona,1,"$31,030,604.00 ",0,9,513,10904,4393,1093,1501,0.414,0.366,0.825,21.3,8.6,2.1,2.9,17.6,0.078,-1.7,0.7
2008,1,5,MEM,Kevin Love,University of California Los Angeles,1,"$99,749,095.00 ",1,9,576,18774,10593,6612,1368,0.442,0.364,0.82,32.6,18.4,11.5,2.4,70.6,0.18,3,23.5
2008,1,1,CHI,Derrick Rose,University of Memphis,1,"$118,091,716.00 ",0,8,470,16292,9155,1735,2799,0.451,0.298,0.82,34.7,19.5,3.7,6,34.4,0.101,0.6,10.6
2008,1,3,MIN,O.J. Mayo,University of Southern California,1,"$38,149,437.00 ",0,8,547,16919,7574,1706,1607,0.429,0.373,0.82,30.9,13.8,3.1,2.9,21.8,0.062,-0.8,5.1
2008,2,47,WAS,Bill Walker,Kansas State University,2,$0.00 ,0,5,181,3016,1079,401,153,0.446,0.369,0.76,16.7,6,2.2,0.8,5,0.079,-1.3,0.5
2008,1,10,NJN,Brook Lopez,Stanford University,2,"$60,398,230.00 ",0,9,562,18118,10444,4005,867,0.506,0.328,0.794,32.2,18.6,7.1,1.5,49.6,0.131,0.9,13.2
2008,1,15,PHO,Robin Lopez,Stanford University,2,"$50,896,695.00 ",0,9,628,14353,5483,3469,429,0.526,0,0.761,22.9,8.7,5.5,0.7,38.3,0.128,0.5,8.9
2008,2,39,CHI,Sonny Weems,University of Arkansas,2,"$3,992,534.00 ",0,4,183,3335,1189,402,257,0.465,0.283,0.702,18.2,6.5,2.2,1.4,0,0.001,-4.2,-1.9
2008,1,21,NJN,Ryan Anderson,University of California,2,"$58,931,325.00 ",0,9,556,14708,7316,3021,505,0.422,0.381,0.861,26.5,13.2,5.4,0.9,42.2,0.138,0.8,10.4
2008,1,4,SEA,Russell Westbrook,University of California Los Angeles,2,"$78,200,548.00 ",0,9,668,22786,15156,4149,5293,0.433,0.313,0.823,34.1,22.7,6.2,7.9,80.1,0.169,6.5,48.5
2008,1,16,PHI,Marreese Speights,University of Florida,2,"$24,272,206.00 ",1,9,653,9965,5190,2742,421,0.464,0.349,0.8,15.3,7.9,4.2,0.6,25.2,0.121,-2.8,-2.1
2008,1,27,NOH,Darrell Arthur,University of Kansas,2,"$25,757,663.00 ",0,8,484,8804,3228,1753,400,0.444,0.352,0.766,18.2,6.7,3.6,0.8,12.4,0.067,-1.8,0.4
2008,1,18,WAS,JaVale McGee,University of Nevada Reno,2,"$41,626,895.00 ",1,9,493,8716,3866,2484,155,0.554,0.111,0.575,17.7,7.8,5,0.3,23.2,0.128,-0.7,2.9
2008,1,9,CHA,D.J. Augustin,University of Texas at Austin,2,"$23,969,285.00 ",0,9,651,15390,6214,1158,2491,0.402,0.371,0.862,23.6,9.5,1.8,3.8,30.9,0.096,-1.7,1.2
2008,2,49,GSW,Richard Hendrix,University of Alabama,3,$0.00 ,0,0,,,,,,,,,,,,,,,,
2008,2,32,SEA,Walter Sharpe,University of Alabama at Birmingham,3,"$2,209,260.00 ",0,1,8,20,8,3,0,0.364,0,0,2.5,1,0.4,0,-0.1,-0.131,-16.5,-0.1
2008,2,37,MIL,Luc Mbah a Moute,University of California Los Angeles,3,"$22,672,428.00 ",0,9,621,14388,3895,2605,531,0.452,0.324,0.659,23.2,6.3,4.2,0.9,23.1,0.077,-0.9,4.1
2008,1,13,POR,Brandon Rush,University of Kansas,3,"$14,675,667.00 ",1,9,481,10564,3250,1413,468,0.426,0.402,0.706,22,6.8,2.9,1,11.2,0.051,-1.7,0.7
2008,2,34,MIN,Mario Chalmers,University of Kansas,3,"$21,756,000.00 ",2,8,580,15824,5236,1428,2215,0.421,0.358,0.786,27.3,9,2.5,3.8,31.7,0.096,0.5,10.1
2008,2,40,NJN,Chris Douglas-Roberts,University of Memphis,3,"$1,243,614.00 ",0,6,222,4381,1571,472,254,0.439,0.329,0.831,19.7,7.1,2.1,1.1,5.4,0.059,-2.9,-1
2008,1,8,MIL,Joe Alexander,West Virginia University,3,"$5,840,869.00 ",0,2,67,745,282,120,44,0.41,0.34,0.698,11.1,4.2,1.8,0.7,0.5,0.03,-3.3,-0.2
2008,2,46,SEA,Trent Plaisted,Brigham Young University Hawaii,4,$0.00 ,0,0,,,,,,,,,,,,,,,,
2008,1,17,TOR,Roy Hibbert,Georgetown University,4,"$57,089,669.00 ",0,9,662,16389,6611,4173,885,0.465,0.25,0.755,24.8,10,6.3,1.3,35.9,0.105,0.2,9.1
2008,2,43,SAC,Patrick Ewing,Georgetown University,4,$0.00 ,0,1,7,19,3,2,2,0,0,0.75,2.7,0.4,0.3,0.3,-0.1,-0.158,-9.3,0
2008,1,29,DET,D.J. White,Indiana University,4,"$5,370,629.00 ",0,6,138,2111,810,437,80,0.507,0.333,0.72,15.3,5.9,3.2,0.6,3.8,0.087,-3.3,-0.7
2008,1,26,SAS,George Hill,Indiana University-Purdue University Indianapolis,4,"$44,482,762.00 ",0,9,599,17357,7039,1924,2003,0.453,0.38,0.802,29,11.8,3.2,3.3,53.9,0.149,2.1,18
2008,1,12,SAC,Jason Thompson,Rider University,4,"$26,285,471.00 ",0,8,588,14819,5210,3880,635,0.496,0.143,0.657,25.2,8.9,6.6,1.1,23.8,0.077,-1.7,1.3
2008,2,50,SEA,DeVon Hardin,University of California,4,$0.00 ,0,0,,,,,,,,,,,,,,,,
2008,2,52,MIA,Darnell Jackson,University of Kansas,4,"$1,186,420.00 ",0,3,138,1039,308,203,26,0.449,0.235,0.644,7.5,2.2,1.5,0.2,1.3,0.059,-4.9,-0.7
2008,2,56,SEA,Sasha Kaun,University of Kansas,4,"$2,609,240.00 ",1,1,25,95,23,26,3,0.529,,0.455,3.8,0.9,1,0.1,0.2,0.096,-0.8,0
2008,2,58,LAL,Joe Crawford,University of Kentucky,4,"$2,209,260.00 ",0,1,2,23,9,4,1,0.3,0.25,1,11.5,4.5,2,0.5,0,0.037,-5.6,0
2008,2,57,SAS,James Gist,University of Maryland,4,$0.00 ,0,0,,,,,,,,,,,,,,,,
2008,2,33,POR,Joey Dorsey,University of Memphis,4,"$1,879,572.00 ",0,4,130,1488,344,513,55,0.534,0,0.375,11.4,2.6,3.9,0.4,2.9,0.092,-1.3,0.3
2008,2,30,BOS,J.R. Giddens,University of New Mexico,4,"$1,986,000.00 ",0,2,38,247,73,54,13,0.476,0,0.565,6.5,1.9,1.4,0.3,0.1,0.027,-4.6,-0.2
2008,2,48,PHO,Malik Hairston,University of Oregon,4,"$1,889,886.00 ",0,2,62,472,149,77,29,0.512,0.167,0.514,7.6,2.4,1.2,0.5,0.8,0.086,-1.9,0
2008,2,54,HOU,Maarty Leunen,University of Oregon,4,$0.00 ,0,0,,,,,,,,,,,,,,,,
2008,2,42,SAC,Sean Singletary,University of Virginia,4,"$442,114.00 ",0,1,37,303,90,35,29,0.365,0.4,0.857,8.2,2.4,0.9,0.8,0,0.006,-4.9,-0.2
2008,2,51,DAL,Shan Foster,Vanderbilt University,4,$0.00 ,0,0,,,,,,,,,,,,,,,,
2008,2,59,DET,Deron Washington,Virginia Polytechnic Institute and State University,4,"$1,372,764.00 ",0,0,,,,,,,,,,,,,,,,
2008,2,38,CHA,Kyle Weaver,Washington State University,4,"$3,386,198.00 ",0,3,73,1379,363,158,119,0.441,0.353,0.736,18.9,5,2.2,1.6,1.5,0.051,-1.3,0.3
2008,1,22,ORL,Courtney Lee,Western Kentucky University,4,"$33,610,413.00 ",0,9,677,18855,6609,1817,1124,0.451,0.386,0.848,27.9,9.8,2.7,1.7,34.3,0.087,-0.2,8.7
2009,1,10,MIL,Brandon Jennings,,0,"$39,172,853.00 ",0,8,541,16639,7728,1628,3107,0.388,0.346,0.795,30.8,14.3,3,5.7,29.8,0.086,0.5,10.5
2009,1,24,DAL,Byron Mullens,Ohio State University,1,"$4,560,507.00 ",0,5,189,3446,1398,790,153,0.408,0.319,0.706,18.2,7.4,4.2,0.8,0.6,0.008,-4.6,-2.3
2009,1,17,PHI,Jrue Holiday,University of California Los Angeles,1,"$49,991,908.00 ",0,8,504,16257,7191,1800,3147,0.441,0.366,0.788,32.3,14.3,3.6,6.2,26.6,0.078,0.9,12
2009,1,4,SAC,Tyreke Evans,University of Memphis,1,"$61,993,654.00 ",0,8,473,15233,7631,2254,2417,0.444,0.295,0.757,32.2,16.1,4.8,5.1,23.9,0.075,0.8,10.9
2009,1,9,TOR,DeMar DeRozan,University of Southern California,1,"$41,075,020.00 ",0,8,595,20275,11456,2424,1661,0.446,0.281,0.828,34.1,19.3,4.1,2.8,44.4,0.105,-0.9,5.5
2009,1,3,OKC,James Harden,Arizona State University,2,"$62,920,389.00 ",0,8,615,20688,13618,3093,3527,0.442,0.364,0.854,33.6,22.1,5,5.7,91.3,0.212,6,41.7
2009,1,15,DET,Austin Daye,Gonzaga University,2,"$9,370,982.00 ",1,6,293,4132,1522,764,212,0.402,0.351,0.778,14.1,5.2,2.6,0.7,4.5,0.053,-2.6,-0.6
2009,2,43,MIA,Marcus Thornton,Louisiana State University,2,"$31,875,600.00 ",0,8,483,11299,5750,1348,677,0.425,0.358,0.83,23.4,11.9,2.8,1.4,20,0.085,-0.8,3.4
2009,2,55,POR,Patrick Mills,Saint Mary's College of California,2,$0.00 ,0,8,441,7482,3464,674,957,0.436,0.395,0.833,17,7.9,1.5,2.2,20,0.128,0.9,5.5
2009,1,6,MIN,Jonny Flynn,Syracuse University,2,"$9,576,000.00 ",0,3,163,3738,1504,307,634,0.4,0.338,0.809,22.9,9.2,1.9,3.9,-1.1,-0.015,-4.9,-2.7
2009,2,42,LAL,Patrick Beverley,University of Arkansas,2,"$8,030,338.00 ",0,5,291,8290,2708,1185,980,0.414,0.375,0.764,28.5,9.3,4.1,3.4,19.6,0.113,1.9,8.1
2009,2,45,MIN,Nick Calathes,University of Florida,2,"$1,306,662.00 ",0,2,129,2011,590,243,353,0.441,0.288,0.581,15.6,4.6,1.9,2.7,2.6,0.063,-0.7,0.6
2009,1,1,LAC,Blake Griffin,University of Oklahoma,2,"$102,937,768.00 ",0,7,471,16567,10117,4424,1954,0.518,0.299,0.673,35.2,21.5,9.4,4.1,62.4,0.181,4.1,25.6
2009,2,37,SAS,DeJuan Blair,University of Pittsburgh,2,"$8,760,293.00 ",0,7,424,7054,2865,2153,349,0.524,0,0.608,16.6,6.8,5.1,0.8,19,0.129,0.4,4.2
2009,2,58,BOS,Lester Hudson,University of Tennessee at Martin,2,"$1,627,488.00 ",0,4,57,594,268,77,71,0.375,0.277,0.806,10.4,4.7,1.4,1.2,0.2,0.016,-2.7,-0.1
2009,1,16,CHI,James Johnson,Wake Forest University,2,"$18,566,302.00 ",0,8,474,9355,3569,1632,866,0.477,0.296,0.693,19.7,7.5,3.4,1.8,17,0.087,1.3,7.7
2009,1,19,ATL,Jeff Teague,Wake Forest University,2,"$31,663,717.00 ",0,8,600,16175,7545,1444,3310,0.447,0.355,0.844,27,12.6,2.4,5.5,41.2,0.122,0.2,8.8
2009,1,7,GSW,Stephen Curry,Davidson College,3,"$56,700,262.00 ",2,8,574,19897,13088,2502,3917,0.476,0.438,0.901,34.7,22.8,4.4,6.8,84.2,0.203,6.3,41.8
2009,1,12,CHA,Gerald Henderson,Duke University,3,"$33,311,520.00 ",0,8,535,13854,5987,1716,1009,0.44,0.327,0.793,25.9,11.2,3.2,1.9,18.3,0.063,-2.2,-0.9
2009,2,35,DET,DaJuan Summers,Georgetown University,3,"$1,292,675.00 ",0,4,83,820,278,82,29,0.384,0.367,0.642,9.9,3.3,1,0.3,-0.1,-0.008,-6.4,-0.9
2009,2,59,LAL,Chinemelu Elonu,Texas A&M University,3,$0.00 ,0,0,,,,,,,,,,,,,,,,
2009,1,8,NYK,Jordan Hill,University of Arizona,3,"$32,072,160.00 ",0,8,409,7692,3232,2389,322,0.497,0.136,0.699,18.8,7.9,5.8,0.8,16.4,0.102,-2,0
2009,2,44,DET,Chase Budinger,University of Arizona,3,"$7,597,183.00 ",0,7,407,7998,3198,1240,473,0.43,0.352,0.797,19.7,7.9,3,1.2,13.9,0.083,-1.4,1.2
2009,1,2,MEM,Hasheem Thabeet,University of Connecticut,3,"$18,029,840.00 ",0,5,224,2357,483,595,27,0.567,,0.578,10.5,2.2,2.7,0.1,4.8,0.099,-1.4,0.4
2009,2,52,IND,A.J. Price,University of Connecticut,3,"$511,426.00 ",0,6,261,3929,1523,377,567,0.38,0.316,0.742,15.1,5.8,1.4,2.2,4.7,0.058,-2.4,-0.4
2009,2,41,MIL,Jodie Meeks,University of Kentucky,3,"$23,322,195.00 ",0,8,454,10887,4450,982,505,0.42,0.376,0.881,24,9.8,2.2,1.1,21.9,0.097,-0.4,4.4
2009,1,14,PHO,Earl Clark,University of Louisville,3,"$6,010,824.00 ",0,6,261,3630,1138,778,134,0.403,0.328,0.664,13.9,4.4,3,0.5,2.9,0.038,-3.6,-1.5
2009,1,18,MIN,Ty Lawson,University of North Carolina,3,"$30,758,407.00 ",0,8,551,16088,6977,1506,3316,0.46,0.359,0.77,29.2,12.7,2.7,6,42.1,0.126,0.7,10.9
2009,1,28,MIN,Wayne Ellington,University of North Carolina,3,"$15,471,442.00 ",0,8,515,10382,3869,1091,560,0.412,0.377,0.85,20.2,7.5,2.1,1.1,10.7,0.05,-2.7,-1.8
2009,1,26,CHI,Taj Gibson,University of Southern California,3,"$43,768,890.00 ",0,8,585,14657,5487,3689,577,0.495,0.114,0.694,25.1,9.4,6.3,1,37.6,0.123,-0.2,6.5
2009,2,40,CHA,Derrick Brown,Xavier University,3,"$1,219,783.00 ",0,3,171,2554,895,413,119,0.515,0.317,0.637,14.9,5.2,2.4,0.7,4.5,0.085,-1.6,0.2
2009,2,31,SAC,Jeff Pendergraph,Arizona State University,4,$0.00 ,0,6,237,2322,690,632,99,0.553,0.4,0.776,9.8,2.9,2.7,0.4,6.3,0.131,-1.4,0.4
2009,1,29,LAL,Toney Douglas,Florida State University,4,"$8,532,453.00 ",0,8,394,7511,3009,875,889,0.404,0.354,0.824,19.1,7.6,2.2,2.3,12.1,0.077,-0.6,2.6
2009,2,50,UTA,Goran Suton,Michigan State University,4,$0.00 ,0,0,,,,,,,,,,,,,,,,
2009,2,56,DAL,Ahmad Nivins,Saint Joseph's University,4,$0.00 ,0,0,,,,,,,,,,,,,,,,
2009,2,54,CHA,Robert Vaden,University of Alabama at Birmingham,4,"$1,591,674.00 ",0,0,,,,,,,,,,,,,,,,
2009,1,21,NOH,Darren Collison,University of California Los Angeles,4,"$22,923,797.00 ",0,8,563,16635,7149,1475,2716,0.469,0.38,0.852,29.5,12.7,2.6,4.8,35.5,0.102,-0.3,7.2
2009,2,32,WAS,Jermaine Taylor,University of Central Florida,4,"$3,067,613.00 ",0,2,65,786,351,108,48,0.441,0.284,0.73,12.1,5.4,1.7,0.7,0.2,0.014,-4.6,-0.5
2009,1,11,NJN,Terrence Williams,University of Louisville,4,"$4,774,168.00 ",0,4,153,2922,1085,545,364,0.412,0.317,0.659,19.1,7.1,3.6,2.4,-0.2,-0.004,-3.8,-1.4
2009,2,60,MIA,Robert Dozier,University of Memphis,4,"$473,604.00 ",0,0,,,,,,,,,,,,,,,,
2009,2,51,SAS,Jack McClinton,University of Miami,4,$0.00 ,0,0,,,,,,,,,,,,,,,,
2009,1,27,MEM,DeMarre Carroll,University of Missouri,4,"$36,665,320.00 ",0,8,414,9502,3336,1571,469,0.442,0.361,0.728,23,8.1,3.8,1.1,22,0.111,1.2,7.8
2009,1,13,IND,Tyler Hansbrough,University of North Carolina,4,"$16,507,570.00 ",0,7,428,7233,2881,1808,181,0.439,0.136,0.738,16.9,6.7,4.2,0.4,20.2,0.134,-2.5,-1
2009,2,46,CLE,Danny Green,University of North Carolina,4,"$31,875,110.00 ",1,8,470,11762,4155,1603,761,0.423,0.4,0.821,25,8.8,3.4,1.6,30.4,0.124,3.3,15.7
2009,2,48,PHO,Taylor Griffin,University of Oklahoma,4,"$762,195.00 ",0,1,8,32,10,2,1,0.4,0,0.5,4,1.3,0.3,0.1,0,-0.039,-7.3,0
2009,2,36,MEM,Sam Young,University of Pittsburgh,4,"$3,297,015.00 ",0,4,249,3966,1436,573,180,0.442,0.28,0.742,15.9,5.8,2.3,0.7,5.2,0.063,-2.9,-0.9
2009,2,38,POR,Jon Brockman,University of Washington,4,"$3,000,000.00 ",0,3,150,1570,320,472,49,0.488,0,0.618,10.5,2.1,3.1,0.3,3.7,0.113,-2.1,0
2009,2,33,POR,Dante Cunningham,Villanova University,4,"$13,271,881.00 ",0,8,578,12385,3522,2190,408,0.471,0.326,0.65,21.4,6.1,3.8,0.7,20.6,0.08,-1,3
2009,1,20,UTA,Eric Maynor,Virginia Commonwealth University,4,"$6,269,400.00 ",0,5,267,3896,1141,348,760,0.392,0.35,0.721,14.6,4.3,1.3,2.8,3.3,0.041,-4.7,-2.7
2010,2,48,MIA,Latavious Williams,,0,$0.00 ,0,0,,,,,,,,,,,,,,,,
2010,1,3,NJN,Derrick Favors,Georgia Institute of Technology,1,"$43,648,116.00 ",0,7,479,12348,5479,3435,510,0.51,0.154,0.664,25.8,11.4,7.2,1.1,33.5,0.13,0.8,8.7
2010,2,33,SAC,Hassan Whiteside,Marshall University,1,"$2,481,666.00 ",0,5,217,5891,2942,2474,93,0.585,,0.611,27.1,13.6,11.4,0.4,25.2,0.205,0.4,3.5
2010,2,40,IND,Lance Stephenson,University of Cincinnati,1,"$21,435,000.00 ",0,7,358,8893,3106,1485,1081,0.451,0.307,0.69,24.8,8.7,4.1,3,13.8,0.074,-0.4,3.6
2010,1,12,MEM,Xavier Henry,University of Kansas,1,"$7,597,040.00 ",0,5,185,2905,1050,351,120,0.406,0.325,0.635,15.7,5.7,1.9,0.6,0.8,0.013,-5.1,-2.3
2010,1,1,WAS,John Wall,University of Kentucky,1,"$73,150,060.00 ",0,7,500,18031,9419,2217,4610,0.433,0.321,0.791,36.1,18.8,4.4,9.2,40.5,0.108,2.5,20.3
2010,1,5,SAC,DeMarcus Cousins,University of Kentucky,1,"$48,863,064.00 ",0,7,487,15570,10308,5267,1468,0.459,0.33,0.736,32,21.2,10.8,3,36.9,0.114,2.6,18.1
2010,1,18,OKC,Eric Bledsoe,University of Kentucky,1,"$48,834,307.00 ",0,7,418,11309,5480,1583,1924,0.444,0.334,0.8,27.1,13.1,3.8,4.6,23.2,0.099,1.9,11.2
2010,1,29,ORL,Daniel Orton,University of Kentucky,1,"$3,050,059.00 ",0,3,51,542,143,126,24,0.485,0,0.597,10.6,2.8,2.5,0.5,1,0.093,-1.7,0
2010,2,37,MIL,Darington Hobson,University of New Mexico,1,$0.00 ,0,1,5,39,4,3,6,0.154,0,,7.8,0.8,0.6,1.2,-0.2,-0.225,-14.1,-0.1
2010,2,47,MIL,Tiny Gallon,University of Oklahoma,1,$0.00 ,0,0,,,,,,,,,,,,,,,,
2010,1,19,BOS,Avery Bradley,University of Texas at Austin,1,"$30,275,883.00 ",0,7,413,11619,5008,1264,703,0.442,0.366,0.772,28.1,12.1,3.1,1.7,14.4,0.06,-1.4,1.8
2010,1,9,UTA,Gordon Hayward,Butler University,2,"$57,456,653.00 ",0,7,516,16164,8077,2149,1762,0.444,0.368,0.82,31.3,15.7,4.2,3.4,43,0.128,2,16.3
2010,1,10,IND,Paul George,California State University Fresno,2,"$61,872,651.00 ",0,7,448,14692,8090,2816,1419,0.432,0.37,0.85,32.8,18.1,6.3,3.2,44.5,0.145,3.8,21.3
2010,1,7,DET,Greg Monroe,Georgetown University,2,"$35,735,866.00 ",0,7,538,15955,7572,4707,1216,0.511,0,0.705,29.7,14.1,8.7,2.3,45.2,0.136,2,16.2
2010,1,22,POR,Elliot Williams,University of Memphis,2,"$4,993,747.00 ",0,4,109,1470,537,161,94,0.421,0.31,0.669,13.5,4.9,1.5,0.9,0.7,0.024,-5.3,-1.2
2010,2,36,DET,Terrico White,University of Mississippi,2,"$2,896,407.00 ",0,0,,,,,,,,,,,,,,,,
2010,1,16,MIN,Luke Babbitt,University of Nevada Reno,2,"$8,145,883.00 ",0,7,331,4617,1559,750,193,0.406,0.406,0.743,13.9,4.7,2.3,0.6,6.3,0.065,-2.7,-0.8
2010,1,13,TOR,Ed Davis,University of North Carolina,2,"$24,115,653.00 ",0,7,481,10036,3278,3063,398,0.562,0,0.568,20.9,6.8,6.4,0.8,30.5,0.146,1.1,7.9
2010,2,54,LAC,Willie Warren,University of Oklahoma,2,"$1,288,872.00 ",0,1,19,134,37,12,27,0.371,0.333,0.75,7.1,1.9,0.6,1.4,0.2,0.065,-4.5,-0.1
2010,1,8,LAC,Al-Farouq Aminu,Wake Forest University,2,"$28,721,226.00 ",0,7,520,12520,3766,2948,639,0.426,0.324,0.725,24.1,7.2,5.7,1.2,17.4,0.067,-0.3,5.2
2010,2,43,LAL,Devin Ebanks,West Virginia University,2,"$473,604.00 ",0,3,63,711,224,122,24,0.385,0.222,0.722,11.3,3.6,1.9,0.4,0.5,0.035,-4.7,-0.5
2010,1,27,NJN,Jordan Crawford,Xavier University,2,"$5,696,958.00 ",0,5,276,6790,3399,699,870,0.411,0.314,0.825,24.6,12.3,2.5,3.2,6.1,0.043,-2.1,-0.2
2010,1,6,GSW,Ekpe Udoh,Baylor University,3,"$14,354,428.00 ",0,5,270,4564,1072,860,179,0.429,0,0.72,16.9,4,3.2,0.7,5.7,0.06,-1.1,1
2010,2,50,DAL,Solomon Alabi,Florida State University,3,"$2,330,000.00 ",0,2,26,181,39,61,5,0.314,,0.7,7,1.5,2.3,0.2,0,0.01,-5.4,-0.2
2010,2,46,PHO,Gani Lawal,Georgia Institute of Technology,3,"$473,604.00 ",0,1,1,2,0,0,0,,,,2,0,0,0,0,-0.009,-4.9,0
2010,1,21,OKC,Craig Brackins,Iowa State University,3,"$4,116,840.00 ",0,2,17,121,30,19,9,0.265,0.214,0.5,7.1,1.8,1.1,0.5,-0.2,-0.089,-9.1,-0.2
2010,1,2,PHI,Evan Turner,Ohio State University,3,"$44,965,700.00 ",0,7,534,15048,5619,2668,1968,0.431,0.298,0.782,28.2,10.5,5,3.7,15.9,0.051,-2,-0.1
2010,1,20,SAS,James Anderson,Oklahoma State University,3,"$4,312,098.00 ",0,5,247,4320,1422,560,291,0.411,0.321,0.755,17.5,5.8,2.3,1.2,3.3,0.037,-2.8,-0.9
2010,1,4,MIN,Wesley Johnson,Syracuse University,3,"$18,746,842.00 ",0,7,497,11452,3704,1636,561,0.406,0.337,0.743,23,7.5,3.3,1.1,9,0.038,-1.2,2.3
2010,1,11,NOH,Cole Aldrich,University of Kansas,3,"$16,517,824.00 ",0,7,318,3340,1038,1116,180,0.531,,0.748,10.5,3.3,3.5,0.6,9.6,0.137,1.2,2.7
2010,1,14,HOU,Patrick Patterson,University of Kentucky,3,"$27,135,303.00 ",0,7,477,11434,3746,2233,578,0.459,0.368,0.744,24,7.9,4.7,1.2,25,0.105,0.7,7.9
2010,2,34,POR,Armon Johnson,University of Nevada Reno,3,"$208,988.00 ",0,2,47,401,157,49,56,0.458,0.4,0.679,8.5,3.3,1,1.2,-0.1,-0.015,-6.2,-0.4
2010,1,25,MEM,Dominique Jones,University of South Florida,3,"$3,579,960.00 ",1,3,80,741,246,114,144,0.366,0.095,0.729,9.3,3.1,1.4,1.8,0.3,0.017,-3.6,-0.3
2010,2,58,LAL,Derrick Caracter,University of Texas at El Paso,3,$0.00 ,0,1,41,215,81,43,7,0.485,,0.739,5.2,2,1,0.2,0.3,0.057,-4.9,-0.2
2010,1,15,MIL,Larry Sanders,Virginia Commonwealth University,3,"$19,846,730.00 ",0,6,238,4635,1520,1345,174,0.48,0,0.553,19.5,6.4,5.7,0.7,10.3,0.107,0.6,3
2010,1,23,MIN,Trevor Booker,Clemson University,4,"$26,226,120.00 ",0,7,464,9714,3251,2614,484,0.515,0.315,0.626,20.9,7,5.6,1,23.3,0.115,0.3,5.6
2010,2,57,IND,Ryan Reid,Florida State University,4,"$950,000.00 ",0,1,5,17,8,2,0,0.8,,,3.4,1.6,0.4,0,0.1,0.142,-5.5,0
2010,2,51,OKC,Magnum Rolle,Louisiana Tech University,4,"$1,586,102.00 ",0,0,,,,,,,,,,,,,,,,
2010,2,30,WAS,Lazar Hayward,Marquette University,4,"$2,661,268.00 ",0,3,72,591,207,90,35,0.347,0.269,0.767,8.2,2.9,1.3,0.5,0.2,0.02,-4.6,-0.4
2010,2,41,MIA,Jarvis Varnado,Mississippi State University,4,"$171,696.00 ",1,2,37,397,107,72,16,0.582,,0.518,10.7,2.9,1.9,0.4,0.7,0.089,-1.9,0
2010,2,56,MIN,Hamady N'Diaye,Rutgers University,4,$0.00 ,0,3,33,157,20,25,3,0.467,,0.462,4.8,0.6,0.8,0.1,0,0.013,-4.9,-0.1
2010,2,39,NYK,Landry Fields,Stanford University,4,"$19,985,799.00 ",0,5,255,6010,1731,1092,419,0.473,0.332,0.666,23.6,6.8,4.3,1.6,10.5,0.084,-0.1,2.8
2010,2,38,NYK,Andy Rautins,Syracuse University,4,"$2,177,744.00 ",0,1,5,24,8,1,3,0.429,0.25,0.5,4.8,1.6,0.2,0.6,-0.2,-0.314,-16,-0.1
2010,2,59,ORL,Stanley Robinson,University of Connecticut,4,$0.00 ,0,0,,,,,,,,,,,,,,,,
2010,1,28,MEM,Greivis Vasquez,University of Maryland,4,"$22,838,814.00 ",0,7,401,9520,3591,1021,1935,0.418,0.349,0.817,23.7,9,2.5,4.8,12.6,0.064,-1.5,1.1
2010,2,60,PHO,Dwayne Collins,University of Miami,4,$0.00 ,0,0,,,,,,,,,,,,,,,,
2010,2,52,BOS,Luke Harangody,University of Notre Dame,4,"$1,054,389.00 ",0,2,70,871,253,196,36,0.376,0.241,0.737,12.4,3.6,2.8,0.5,0.9,0.048,-3.3,-0.3
2010,1,24,ATL,Damion James,University of Texas at Austin,4,"$2,537,204.00 ",1,4,39,623,150,131,26,0.415,0,0.667,16,3.8,3.4,0.7,0,-0.001,-4.3,-0.4
2010,2,32,MIA,Dexter Pittman,University of Texas at Austin,4,"$762,195.00 ",2,4,50,347,116,89,9,0.45,,0.545,6.9,2.3,1.8,0.2,0.5,0.068,-6,-0.4
2010,2,44,MIL,Jerome Jordan,University of Tulsa,4,$0.00 ,0,2,65,491,180,132,17,0.528,,0.852,7.6,2.8,2,0.3,1.7,0.168,0,0.2
2010,1,26,OKC,Quincy Pondexter,University of Washington,4,"$15,832,948.00 ",0,5,279,5042,1466,567,230,0.424,0.365,0.732,18.1,5.3,2,0.8,9.1,0.087,-1,1.2
2010,2,42,MIA,Da'Sean Butler,West Virginia University,4,"$1,702,744.00 ",0,0,,,,,,,,,,,,,,,,
2010,2,55,UTA,Jeremy Evans,Western Kentucky University,4,"$8,051,492.00 ",0,6,249,2621,877,640,107,0.568,0.231,0.687,10.5,3.5,2.6,0.4,8.2,0.15,1.1,2
2011,2,39,CHA,Jeremy Tyler,,0,"$2,154,747.00 ",0,3,104,1034,373,269,25,0.45,0,0.557,9.9,3.6,2.6,0.2,0.3,0.014,-6.6,-1.2
2011,1,1,CLE,Kyrie Irving,Duke University,1,"$57,243,574.00 ",1,6,381,13024,8232,1290,2114,0.457,0.383,0.873,34.2,21.6,3.4,5.5,40.4,0.149,2.9,16.2
2011,2,49,MEM,Josh Selby,University of Kansas,1,"$1,312,195.00 ",0,2,38,296,83,20,34,0.33,0.143,0.72,7.8,2.2,0.5,0.9,-0.7,-0.113,-10.1,-0.6
2011,1,8,DET,Brandon Knight,University of Kentucky,1,"$37,696,087.00 ",0,6,382,11939,5820,1277,1629,0.415,0.357,0.812,31.3,15.2,3.3,4.3,11.6,0.047,-1.2,2.3
2011,1,19,CHA,Tobias Harris,University of Tennessee,1,"$40,090,434.00 ",0,6,384,11077,5305,2168,608,0.469,0.332,0.809,28.8,13.8,5.6,1.6,25.7,0.111,-0.1,5.3
2011,1,4,CLE,Tristan Thompson,University of Texas at Austin,1,"$46,412,575.00 ",1,6,466,13381,4378,4026,385,0.515,0,0.611,28.7,9.4,8.6,0.8,34.9,0.125,-0.5,5
2011,2,29,SAS,Cory Joseph,University of Texas at Austin,1,"$12,608,621.00 ",1,6,364,7083,2479,821,904,0.458,0.317,0.768,19.5,6.8,2.3,2.5,15.2,0.103,-0.5,2.7
2011,1,15,IND,Kawhi Leonard,San Diego State University,2,"$42,447,142.00 ",1,6,398,12154,6508,2469,903,0.495,0.388,0.847,30.5,16.4,6.2,2.3,55.4,0.219,6.3,25.4
2011,1,2,MIN,Derrick Williams,University of Arizona,2,"$24,876,268.00 ",0,6,426,8855,3807,1692,293,0.434,0.3,0.71,20.8,8.9,4,0.7,14.1,0.076,-3.2,-2.6
2011,2,35,SAC,Tyler Honeycutt,University of California Los Angeles,2,"$1,619,750.00 ",0,2,24,120,28,24,9,0.314,0.2,0.714,5,1.2,1,0.4,-0.1,-0.049,-6.4,-0.1
2011,1,12,UTA,Alec Burks,University of Colorado,2,"$29,076,655.00 ",0,6,301,6618,3034,877,534,0.428,0.36,0.752,22,10.1,2.9,1.8,9.6,0.07,-2.1,-0.2
2011,2,36,NJN,Jordan Williams,University of Maryland,2,$0.00 ,0,1,43,635,197,156,11,0.507,,0.652,14.8,4.6,3.6,0.3,1.3,0.101,-3.1,-0.2
2011,2,41,LAL,Darius Morris,University of Michigan,2,"$702,756.00 ",0,4,132,1464,430,126,189,0.384,0.322,0.63,11.1,3.3,1,1.4,-0.3,-0.01,-5.6,-1.3
2011,1,26,DAL,Jordan Hamilton,University of Texas at Austin,2,"$4,578,932.00 ",0,5,151,2100,890,429,127,0.408,0.357,0.67,13.9,5.9,2.8,0.8,3,0.069,-1.5,0.3
2011,1,24,OKC,Reggie Jackson,Boston College,3,"$34,750,975.00 ",0,6,403,9887,4919,1226,1748,0.431,0.321,0.86,24.5,12.2,3,4.3,21.3,0.103,0.2,5.4
2011,2,34,WAS,Shelvin Mack,Butler University,3,"$8,287,414.00 ",0,6,330,5781,2094,624,966,0.426,0.321,0.748,17.5,6.3,1.9,2.9,7.5,0.062,-2.5,-0.7
2011,1,18,WAS,Chris Singleton,Florida State University,3,"$4,722,360.00 ",0,3,148,2605,612,472,92,0.376,0.319,0.633,17.6,4.1,3.2,0.6,2.3,0.042,-2.3,-0.2
2011,1,17,NYK,Iman Shumpert,Georgia Institute of Technology,3,"$26,168,982.00 ",1,6,370,9461,2737,1275,704,0.396,0.34,0.764,25.6,7.4,3.4,1.9,11.6,0.059,-0.3,4.1
2011,2,30,CHI,Jimmy Butler,Marquette University,3,"$22,807,677.00 ",0,6,399,12880,6208,1921,1254,0.448,0.337,0.828,32.3,15.6,4.8,3.1,49.3,0.184,4,19.3
2011,2,43,CHI,Malcolm Lee,University of California Los Angeles,3,"$2,094,952.00 ",0,3,36,534,140,65,51,0.382,0.294,0.703,14.8,3.9,1.8,1.4,0.4,0.04,-2,0
2011,1,9,CHA,Kemba Walker,University of Connecticut,3,"$34,765,131.00 ",0,6,443,15008,8137,1708,2380,0.411,0.351,0.827,33.9,18.4,3.9,5.4,32.6,0.104,2.2,15.8
2011,2,37,LAC,Trey Thompkins,University of Georgia,3,"$535,000.00 ",0,1,24,119,57,24,3,0.393,0.308,0.714,5,2.4,1,0.1,0,0.004,-8.9,-0.2
2011,2,47,LAC,Travis Leslie,University of Georgia,3,"$1,262,195.00 ",0,1,10,45,14,9,5,0.357,,0.444,4.5,1.4,0.9,0.5,0.1,0.06,-0.2,0
2011,1,13,PHO,Markieff Morris,University of Kansas,3,"$24,578,479.00 ",0,6,448,11801,5338,2511,759,0.447,0.331,0.774,26.3,11.9,5.6,1.7,18.8,0.077,-0.7,4
2011,1,14,HOU,Marcus Morris,University of Kansas,3,"$18,366,141.00 ",0,6,416,10916,4513,1767,647,0.428,0.355,0.717,26.2,10.8,4.2,1.6,19,0.084,-0.4,4.5
2011,2,45,NOH,Josh Harrellson,University of Kentucky,3,"$2,367,527.00 ",1,3,75,888,265,227,26,0.438,0.347,0.629,11.8,3.5,3,0.3,2.1,0.116,-0.7,0.3
2011,2,53,ORL,DeAndre Liggins,University of Kentucky,3,"$1,899,989.00 ",0,4,119,1183,245,177,74,0.414,0.348,0.558,9.9,2.1,1.5,0.6,1.1,0.044,-1.8,0.1
2011,1,16,PHI,Nikola Vucevic,University of Southern California,3,"$31,057,780.00 ",0,6,399,11912,5807,3954,812,0.502,0.297,0.719,29.9,14.6,9.9,2,28.1,0.113,0.6,7.9
2011,2,60,SAC,Isaiah Thomas,University of Washington,3,"$23,147,290.00 ",0,6,441,13214,8437,1140,2277,0.443,0.367,0.876,30,19.1,2.6,5.2,45.4,0.165,2.5,14.9
2011,1,11,GSW,Klay Thompson,Washington State University,3,"$41,907,055.00 ",2,6,464,15182,8854,1554,1045,0.453,0.419,0.853,32.7,19.1,3.3,2.3,36.6,0.116,0.5,9.6
2011,1,10,MIL,Jimmer Fredette,Brigham Young University,4,"$5,792,196.00 ",0,5,235,3148,1416,236,323,0.412,0.381,0.876,13.4,6,1,1.4,2.4,0.037,-4,-1.6
2011,1,28,CHI,Norris Cole,Cleveland State University,4,"$8,664,044.00 ",2,6,360,8018,2506,702,981,0.407,0.324,0.743,22.3,7,2,2.7,3,0.018,-4,-4
2011,2,46,LAL,Andrew Goudelock,College of Charleston,4,"$200,600.00 ",0,3,49,475,197,34,24,0.393,0.345,0.875,9.7,4,0.7,0.5,0,0.003,-6.5,-0.5
2011,1,21,POR,Nolan Smith,Duke University,4,"$2,731,440.00 ",0,2,84,829,277,83,97,0.371,0.26,0.714,9.9,3.3,1,1.2,-0.8,-0.047,-6.5,-0.9
2011,2,33,DET,Kyle Singler,Duke University,4,"$12,472,500.00 ",0,5,344,7735,2303,1016,270,0.419,0.362,0.793,22.5,6.7,3,0.8,10.1,0.062,-1.6,0.9
2011,2,44,GSW,Charles Jenkins,Hofstra University,4,"$473,604.00 ",0,2,110,1334,408,100,214,0.434,0.182,0.754,12.1,3.7,0.9,1.9,0.5,0.017,-5.9,-1.3
2011,1,22,DEN,Kenneth Faried,Morehead State University,4,"$29,497,975.00 ",0,6,409,10539,4858,3481,432,0.544,0.105,0.653,25.8,11.9,8.5,1.1,34.6,0.158,1.5,9.2
2011,2,48,ATL,Keith Benson,Oakland University,4,$0.00 ,0,1,3,9,0,3,0,0,,,3,0,1,0,0,-0.005,-10.4,0
2011,2,51,POR,Jon Diebler,Ohio State University,4,$0.00 ,0,0,,,,,,,,,,,,,,,,
2011,1,25,BOS,MarShon Brooks,Providence College,4,"$3,433,985.00 ",0,3,164,2876,1261,358,232,0.442,0.326,0.748,17.5,7.7,2.2,1.4,2.5,0.041,-2.5,-0.4
2011,1,27,NJN,JaJuan Johnson,Purdue University,4,"$2,131,560.00 ",0,1,36,298,114,58,6,0.446,,0.667,8.3,3.2,1.6,0.2,0.2,0.032,-6.3,-0.3
2011,2,55,BOS,E'Twaun Moore,Purdue University,4,"$9,913,819.00 ",0,6,380,7106,2489,667,648,0.435,0.369,0.749,18.7,6.6,1.8,1.7,7.5,0.051,-2.2,-0.4
2011,2,50,PHI,Lavoy Allen,Temple University,4,"$7,110,000.00 ",0,6,388,6905,1847,1843,384,0.471,0.133,0.682,17.8,4.8,4.8,1,13.8,0.096,-1.2,1.3
2011,2,38,HOU,Chandler Parsons,University of Florida,4,"$54,843,000.00 ",0,6,374,12005,5086,1805,1086,0.466,0.373,0.711,32.1,13.6,4.8,2.9,28,0.112,2,12.1
2011,2,52,DET,Vernon Macklin,University of Florida,4,$0.00 ,0,1,23,135,46,34,5,0.543,,0.571,5.9,2,1.5,0.2,0.5,0.161,-0.6,0
2011,2,32,CLE,Justin Harper,University of Richmond,4,"$1,293,471.00 ",0,3,22,150,45,18,4,0.34,0.276,0.333,6.8,2,0.8,0.2,-0.3,-0.093,-8.4,-0.2
2011,2,40,MIL,Jon Leuer,University of Wisconsin,4,"$14,368,061.00 ",0,6,328,5407,2196,1297,282,0.479,0.338,0.765,16.5,6.7,4,0.9,12.2,0.108,-1.1,1.2
2012,2,38,DEN,Quincy Miller,Baylor University,1,"$1,164,397.00 ",0,3,69,934,295,169,37,0.35,0.292,0.706,13.5,4.3,2.4,0.5,-0.1,-0.003,-4,-0.5
2012,1,10,NOH,Austin Rivers,Duke University,1,"$21,128,036.00 ",0,5,347,7838,2919,681,745,0.418,0.345,0.651,22.6,8.4,2,2.1,5.5,0.033,-3.1,-2.1
2012,1,16,HOU,Royce White,Iowa State University,1,"$1,645,440.00 ",0,1,3,9,0,0,0,0,,,3,0,0,0,0,-0.121,-10.4,0
2012,1,15,PHI,Maurice Harkless,St. John's University,1,"$17,390,344.00 ",0,5,356,8278,2646,1326,310,0.471,0.315,0.596,23.3,7.4,3.7,0.9,12.6,0.073,-0.4,3.4
2012,1,9,DET,Andre Drummond,University of Connecticut,1,"$10,662,171.00 ",0,5,385,11439,5120,4945,277,0.548,0.263,0.381,29.7,13.3,12.8,0.7,36.1,0.151,0.7,7.7
2012,1,3,WAS,Bradley Beal,University of Florida,1,"$40,955,264.00 ",0,5,324,10774,5728,1153,1003,0.441,0.399,0.796,33.3,17.7,3.6,3.1,21.9,0.098,0.3,6.2
2012,1,1,NOH,Anthony Davis,University of Kentucky,1,"$45,314,760.00 ",0,5,335,11531,7497,3402,590,0.513,0.29,0.787,34.4,22.4,10.2,1.8,48.8,0.203,4.1,17.7
2012,1,2,CHA,Michael Kidd-Gilchrist,University of Kentucky,1,"$33,968,044.00 ",0,5,283,7668,2582,1805,369,0.47,0.206,0.712,27.1,9.1,6.4,1.3,15.5,0.097,-0.9,2.1
2012,1,29,CHI,Marquis Teague,University of Kentucky,1,"$3,270,360.00 ",0,2,88,835,206,84,121,0.349,0.22,0.686,9.5,2.3,1,1.4,-0.8,-0.046,-8.1,-1.3
2012,1,25,MEM,Tony Wroten,University of Washington,1,"$4,698,607.00 ",0,4,145,3076,1604,363,437,0.413,0.231,0.647,21.2,11.1,2.5,3,-1.3,-0.021,-4.1,-1.6
2012,1,28,OKC,Perry Jones,Baylor University,2,"$5,332,446.00 ",0,3,143,1675,488,252,54,0.42,0.293,0.66,11.7,3.4,1.8,0.4,1.7,0.048,-4.6,-1.1
2012,2,33,CLE,Bernard James,Florida State University,2,"$710,490.00 ",0,3,92,761,203,212,13,0.497,0,0.68,8.3,2.2,2.3,0.1,1.9,0.117,-1.1,0.2
2012,2,34,CLE,Jae Crowder,Marquette University,2,"$14,598,259.00 ",0,5,383,8897,3413,1462,538,0.435,0.346,0.785,23.2,8.9,3.8,1.4,21.7,0.117,1.3,7.3
2012,1,21,BOS,Jared Sullinger,Ohio State University,2,"$12,294,420.00 ",0,5,269,6532,2893,2006,477,0.436,0.272,0.723,24.3,10.8,7.5,1.8,15.3,0.113,0.5,4.1
2012,1,4,CLE,Dion Waiters,Syracuse University,2,"$19,719,270.00 ",0,5,335,9572,4438,891,909,0.413,0.346,0.698,28.6,13.2,2.7,2.7,7.4,0.037,-2.5,-1.1
2012,1,22,BOS,Fab Melo,Syracuse University,2,"$1,254,720.00 ",0,1,6,36,7,3,0,0.5,,0.25,6,1.2,0.5,0,0,0.021,-5.8,0
2012,1,12,HOU,Jeremy Lamb,University of Connecticut,2,"$15,970,304.00 ",0,5,276,4688,2214,830,316,0.439,0.324,0.823,17,8,3,1.1,10.5,0.108,-1.4,0.7
2012,1,11,POR,Meyers Leonard,University of Illinois at Urbana-Champaign,2,"$18,955,963.00 ",0,5,299,4963,1714,1167,246,0.461,0.371,0.825,16.6,5.7,3.9,0.8,9.4,0.091,-2.1,-0.1
2012,1,18,HOU,Terrence Jones,University of Kentucky,2,"$7,145,050.00 ",0,5,232,5557,2429,1330,238,0.501,0.299,0.622,24,10.5,5.7,1,14.8,0.128,0.2,3
2012,2,42,MIL,Doron Lamb,University of Kentucky,2,$0.00 ,0,2,100,1272,345,95,75,0.381,0.394,0.7,12.7,3.5,1,0.8,0.1,0.005,-5.9,-1.2
2012,2,40,POR,Will Barton,University of Memphis,2,"$7,616,666.00 ",0,5,314,6322,2856,1116,581,0.427,0.324,0.784,20.1,9.1,3.6,1.9,9,0.068,-1,1.5
2012,1,7,GSW,Harrison Barnes,University of North Carolina,2,"$12,645,278.00 ",1,5,386,11425,4605,1816,563,0.453,0.37,0.776,29.6,11.9,4.7,1.5,22.2,0.093,-1,2.9
2012,1,13,PHO,Kendall Marshall,University of North Carolina,2,"$7,661,402.00 ",0,4,160,3083,802,253,779,0.399,0.37,0.611,19.3,5,1.6,4.9,1,0.015,-5.6,-2.8
2012,1,8,TOR,Terrence Ross,University of Washington,2,"$21,589,837.00 ",0,5,387,9192,3731,1013,362,0.423,0.374,0.803,23.8,9.6,2.6,0.9,14.6,0.076,-0.9,2.6
2012,2,45,PHI,Justin Hamilton,Louisiana State University,3,"$3,098,036.00 ",0,3,113,1961,687,403,91,0.464,0.309,0.798,17.4,6.1,3.6,0.8,3.7,0.091,-0.3,0.8
2012,2,55,DAL,Darius Johnson-Odom,Marquette University,3,"$473,604.00 ",0,2,7,21,0,6,2,0,0,0,3,0,0.9,0.3,-0.3,-0.597,-23.2,-0.1
2012,1,27,MIA,Arnett Moultrie,Mississippi State University,3,"$3,267,720.00 ",0,2,59,729,210,180,12,0.547,,0.667,12.4,3.6,3.1,0.2,1.7,0.113,-3,-0.2
2012,1,24,CLE,Jared Cunningham,Oregon State University,3,"$2,150,000.00 ",1,4,84,605,197,56,39,0.347,0.306,0.674,7.2,2.3,0.7,0.5,0.2,0.017,-5.9,-0.6
2012,2,39,DET,Khris Middleton,Texas A&M University,3,"$29,900,000.00 ",0,5,296,9054,4070,1132,809,0.45,0.404,0.874,30.6,13.8,3.8,2.7,18,0.095,0,4.5
2012,1,5,SAC,Thomas Robinson,University of Kansas,3,"$11,560,788.00 ",0,5,313,4204,1528,1507,190,0.47,0,0.505,13.4,4.9,4.8,0.6,4.6,0.053,-3.2,-1.3
2012,1,14,MIL,John Henson,University of North Carolina,3,"$21,176,787.00 ",0,5,315,5994,2418,1622,314,0.534,0,0.572,19,7.7,5.1,1,13.8,0.111,0.5,3.8
2012,1,23,ATL,John Jenkins,Vanderbilt University,3,"$5,808,589.00 ",0,5,145,1850,734,213,116,0.448,0.364,0.849,12.8,5.1,1.5,0.8,2.7,0.071,-3.6,-0.7
2012,2,37,TOR,Quincy Acy,Baylor University,4,"$2,455,092.00 ",0,5,257,3910,1214,897,152,0.482,0.366,0.75,15.2,4.7,3.5,0.6,7.8,0.095,-1.6,0.4
2012,1,26,IND,Miles Plumlee,Duke University,4,"$17,973,974.00 ",0,5,273,4567,1380,1295,116,0.53,,0.564,16.7,5.1,4.7,0.4,9.2,0.097,-1.5,0.5
2012,2,35,GSW,Draymond Green,Michigan State University,4,"$31,316,805.00 ",2,5,397,10627,3566,2684,1627,0.435,0.334,0.695,26.8,9,6.8,4.1,32.9,0.149,4.1,16.4
2012,2,49,ORL,Kyle O'Quinn,Norfolk State University,4,"$8,457,622.00 ",0,5,321,4643,1760,1461,378,0.502,0.221,0.735,14.5,5.5,4.6,1.2,11,0.114,1,3.5
2012,2,58,MIN,Robbie Hummel,Purdue University,4,"$2,350,611.00 ",0,2,98,1397,379,266,50,0.418,0.343,0.867,14.3,3.9,2.7,0.5,1.9,0.066,-2.9,-0.3
2012,1,19,ORL,Andrew Nicholson,St. Bonaventure University,4,"$12,979,426.00 ",0,5,285,4080,1700,857,126,0.467,0.321,0.773,14.3,6,3,0.4,3.8,0.045,-5.3,-3.4
2012,2,51,BOS,Kris Joseph,Syracuse University,4,"$27,859.00 ",0,1,10,54,9,7,1,0.143,0,0.625,5.4,0.9,0.7,0.1,-0.1,-0.127,-10.5,-0.1
2012,2,47,UTA,Kevin Murphy,Tennessee Technological University,4,$0.00 ,0,1,17,52,15,4,2,0.25,0.2,,3.1,0.9,0.2,0.1,-0.3,-0.272,-17.6,-0.2
2012,2,36,SAC,Orlando Johnson,University of California Santa Barbara,4,"$605,722.00 ",0,3,103,1112,329,180,69,0.358,0.311,0.727,10.8,3.2,1.7,0.7,1.4,0.059,-3.8,-0.5
2012,2,41,POR,Tyshawn Taylor,University of Kansas,4,$0.00 ,0,2,61,491,174,33,57,0.354,0.36,0.684,8,2.9,0.5,0.9,-0.9,-0.088,-8.8,-0.8
2012,2,46,NOH,Darius Miller,University of Kentucky,4,"$788,872.00 ",0,3,102,1460,320,131,89,0.42,0.351,0.841,14.3,3.1,1.3,0.9,1.2,0.04,-2.5,-0.2
2012,2,44,DET,Kim English,University of Missouri,4,$0.00 ,0,1,41,407,119,37,26,0.375,0.28,0.724,9.9,2.9,0.9,0.6,0.2,0.021,-4.2,-0.2
2012,2,59,SAS,Marcus Denmon,University of Missouri,4,$0.00 ,0,0,,,,,,,,,,,,,,,,
2012,1,17,DAL,Tyler Zeller,University of North Carolina,4,"$15,517,295.00 ",0,5,340,6048,2384,1487,316,0.499,0,0.769,17.8,7,4.4,0.9,13.8,0.11,-1.5,0.7
2012,2,30,GSW,Festus Ezeli,Vanderbilt University,4,"$12,609,508.00 ",1,3,170,2394,712,725,63,0.513,,0.557,14.1,4.2,4.3,0.4,5.9,0.119,-1.1,0.6
2012,2,31,CHA,Jeff Taylor,Vanderbilt University,4,$0.00 ,0,3,132,2566,807,263,107,0.409,0.319,0.665,19.4,6.1,2,0.8,1.3,0.024,-3.9,-1.2
2012,1,6,POR,Damian Lillard,Weber State University,4,"$38,173,592.00 ",0,5,396,14399,8880,1593,2447,0.43,0.37,0.877,36.4,22.4,4,6.2,45.5,0.152,3.2,18.7
2012,2,60,LAL,Robert Sacre,Gonzaga University,5,"$1,770,220.00 ",0,4,189,2745,787,593,126,0.436,0,0.671,14.5,4.2,3.1,0.7,2.4,0.042,-3.1,-0.8
2012,2,43,ATL,Mike Scott,University of Virginia,5,"$10,473,604.00 ",0,5,281,4322,1988,836,257,0.46,0.336,0.786,15.4,7.1,3,0.9,9.2,0.103,-2.4,-0.4
2013,2,43,MIL,Ricky Ledo,Providence College,1,"$1,539,304.00 ",0,2,28,277,109,38,21,0.336,0.371,0.769,9.9,3.9,1.4,0.8,-0.6,-0.096,-7.8,-0.4
2013,2,40,POR,Grant Jerrett,University of Arizona,1,"$874,636.00 ",0,1,8,51,16,9,3,0.269,0.067,1,6.4,2,1.1,0.4,-0.1,-0.128,-8.4,-0.1
2013,1,14,UTA,Shabazz Muhammad,University of California Los Angeles,1,"$8,962,299.00 ",0,4,235,4354,2290,694,137,0.476,0.323,0.749,18.5,9.7,3,0.6,7.7,0.085,-3.9,-2.1
2013,1,7,SAC,Ben McLemore,University of Kansas,1,"$13,087,722.00 ",0,4,293,7476,2742,753,352,0.417,0.352,0.78,25.5,9.4,2.6,1.2,3.9,0.025,-2.6,-1.2
2013,1,6,NOH,Nerlens Noel,University of Kentucky,1,"$14,329,730.00 ",0,3,193,5323,1936,1447,300,0.511,0.333,0.618,27.6,10,7.5,1.6,11,0.099,1.2,4.3
2013,1,29,OKC,Archie Goodwin,University of Kentucky,1,"$3,411,840.00 ",0,4,165,2396,1040,331,206,0.429,0.236,0.7,14.5,6.3,2,1.2,1.1,0.022,-4.2,-1.3
2013,1,1,CLE,Anthony Bennett,University of Nevada Las Vegas,1,"$11,903,896.00 ",0,4,151,1905,658,472,77,0.392,0.261,0.67,12.6,4.4,3.1,0.5,0.5,0.013,-5.6,-1.7
2013,1,12,OKC,Steven Adams,University of Pittsburgh,1,"$9,695,397.00 ",0,4,311,7371,2343,2001,257,0.568,0,0.571,23.7,7.5,6.4,0.8,19.9,0.13,0.9,5.3
2013,2,42,PHI,Pierre Jackson,Baylor University,2,"$31,969.00 ",0,1,8,84,35,9,19,0.333,0.273,0.857,10.5,4.4,1.1,2.4,0,0.021,-4.4,-0.1
2013,2,50,ATL,James Ennis,California State University Long Beach,2,$0.00 ,0,3,148,2881,900,477,133,0.442,0.372,0.798,19.5,6.1,3.2,0.9,6,0.1,-0.3,1.3
2013,1,3,WAS,Otto Porter,Georgetown University,2,$0.00 ,0,4,266,6632,2469,1183,316,0.481,0.389,0.774,24.9,9.3,4.4,1.2,17.7,0.128,1.7,6.2
2013,1,4,CHA,Cody Zeller,Indiana University,2,"$21,267,153.00 ",0,4,279,6402,2239,1575,362,0.5,0.154,0.734,22.9,8,5.6,1.3,18.4,0.138,0.6,4.2
2013,1,11,PHI,Michael Carter-Williams,Syracuse University,2,"$10,083,526.00 ",0,4,235,7058,3053,1219,1277,0.407,0.252,0.696,30,13,5.2,5.4,3.5,0.024,-0.8,2.2
2013,1,8,DET,Kentavious Caldwell-Pope,University of Georgia,2,"$11,995,639.00 ",0,4,314,9488,3665,941,495,0.405,0.334,0.785,30.2,11.7,3,1.6,14.5,0.073,-0.1,4.6
2013,1,5,PHO,Alex Len,University of Maryland,2,"$15,773,381.00 ",0,4,266,5261,1834,1657,177,0.465,0.227,0.716,19.8,6.9,6.2,0.7,7.9,0.072,-2.5,-0.6
2013,1,18,ATL,Shane Larkin,University of Miami,2,"$4,643,040.00 ",0,3,202,4105,1168,398,639,0.43,0.328,0.762,20.3,5.8,2,3.2,3,0.035,-2.6,-0.6
2013,1,9,MIN,Trey Burke,University of Michigan,2,"$11,032,158.00 ",0,4,267,6619,2832,571,972,0.39,0.337,0.813,24.8,10.6,2.1,3.6,5.9,0.043,-2.5,-0.9
2013,2,37,DET,Tony Mitchell,University of North Texas,2,"$500,000.00 ",0,1,21,79,22,26,2,0.417,1,0.579,3.8,1,1.2,0.1,0.2,0.151,1.3,0.1
2013,2,33,CLE,Carrick Felix,Arizona State University,3,"$1,326,482.00 ",0,1,7,38,19,6,4,0.5,0.4,0.75,5.4,2.7,0.9,0.6,0,0.057,-4.7,0
2013,2,35,PHI,Glen Rice Jr,Georgia Institute of Technology,3,$0.00 ,0,2,16,152,43,24,9,0.269,0.25,0.692,9.5,2.7,1.5,0.6,-0.2,-0.065,-7.3,-0.2
2013,1,13,DAL,Kelly Olynyk,Gonzaga University,3,"$9,321,294.00 ",0,4,278,5756,2628,1310,471,0.477,0.368,0.743,20.7,9.5,4.7,1.7,14.7,0.122,1.1,4.5
2013,1,2,ORL,Victor Oladipo,Indiana University,3,"$26,251,201.00 ",0,4,291,9661,4618,1267,1080,0.434,0.346,0.8,33.2,15.9,4.4,3.7,13.7,0.068,-0.1,4.7
2013,2,52,MIN,Lorenzo Brown,North Carolina State University,3,"$1,410,507.00 ",0,3,63,834,206,105,142,0.369,0.152,0.667,13.2,3.3,1.7,2.3,-0.2,-0.013,-4.2,-0.5
2013,2,58,SAS,Deshaun Thomas,Ohio State University,3,$0.00 ,0,0,,,,,,,,,,,,,,,,
2013,2,41,MEM,Jamaal Franklin,San Diego State University,3,"$535,000.00 ",0,2,24,174,42,25,9,0.415,0.462,1,7.3,1.8,1,0.4,0,-0.006,-5.4,-0.1
2013,2,31,CLE,Allen Crabbe,University of California,3,"$20,187,000.00 ",0,4,226,5142,1878,524,238,0.456,0.411,0.848,22.8,8.3,2.3,1.1,9.8,0.091,-0.9,1.5
2013,1,26,MIN,Andre Roberson,University of Colorado,3,"$6,406,152.00 ",0,4,256,5614,1162,1003,211,0.473,0.26,0.493,21.9,4.5,3.9,0.8,10.6,0.09,0.4,3.5
2013,2,36,SAC,Ray McCallum,University of Detroit Mercy,3,"$1,462,210.00 ",0,3,154,2808,920,306,368,0.408,0.335,0.711,18.2,6,2,2.4,2.1,0.035,-2.8,-0.6
2013,1,21,UTA,Gorgui Dieng,University of Louisville,3,"$6,589,343.00 ",0,4,297,7884,2639,2141,486,0.511,0.343,0.786,26.5,8.9,7.2,1.6,18.7,0.114,2,8
2013,1,24,NYK,Tim Hardaway Jr,University of Michigan,3,$0.00 ,0,4,281,6574,3097,587,426,0.427,0.352,0.803,23.4,11,2.1,1.5,10.6,0.077,-2.1,-0.1
2013,1,20,CHI,Tony Snell,University of New Mexico,3,"$8,194,687.00 ",0,4,293,6280,1802,747,289,0.416,0.373,0.813,21.4,6.2,2.5,1,7.9,0.061,-2.1,-0.1
2013,1,25,LAC,Reggie Bullock,University of North Carolina,3,"$7,006,804.00 ",0,4,147,1629,447,236,76,0.393,0.355,0.8,11.1,3,1.6,0.5,2.5,0.073,-1.9,0
2013,2,44,DAL,Mike Muscala,Bucknell University,4,"$1,154,100.00 ",0,4,190,2519,903,528,161,0.505,0.385,0.817,13.3,4.8,2.8,0.8,7,0.134,0.3,1.4
2013,2,53,IND,Colton Iverson,Colorado State University,4,$0.00 ,0,0,,,,,,,,,,,,,,,,
2013,1,22,BRK,Mason Plumlee,Duke University,4,"$6,399,770.00 ",0,4,315,7250,2828,2053,644,0.559,0,0.582,23,9,6.5,2,21.6,0.143,2.2,7.7
2013,2,48,LAL,Ryan Kelly,Duke University,4,"$3,661,035.00 ",0,4,163,3125,981,504,215,0.378,0.316,0.797,19.2,6,3.1,1.3,3,0.046,-2.2,-0.2
2013,1,10,POR,CJ McCollum,Lehigh University,4,"$10,482,459.00 ",0,4,260,7025,4128,687,717,0.459,0.413,0.844,27,15.9,2.6,2.8,15.7,0.107,0.2,3.9
2013,2,34,HOU,Isaiah Canaan,Murray State University,4,"$1,387,357.00 ",0,4,185,3748,1560,335,294,0.368,0.352,0.828,20.3,8.4,1.8,1.6,3.5,0.045,-2.8,-0.7
2013,2,38,WAS,Nate Wolters,South Dakota State University,4,"$500,000.00 ",0,2,79,1556,459,183,208,0.426,0.261,0.635,19.7,5.8,2.3,2.6,1,0.03,-3.9,-0.7
2013,1,23,IND,Solomon Hill,University of Arizona,4,"$15,149,618.00 ",0,4,249,5847,1585,828,394,0.4,0.336,0.822,23.5,6.4,3.3,1.6,8.7,0.072,-0.4,2.4
2013,2,49,CHI,Erik Murphy,University of Florida,4,$0.00 ,0,1,24,62,6,8,2,0.231,0,,2.6,0.3,0.3,0.1,-0.1,-0.055,-8.1,-0.1
2013,2,39,POR,Jeff Withey,University of Kansas,4,"$1,306,662.00 ",0,4,197,2033,651,508,64,0.531,0,0.717,10.3,3.3,2.6,0.3,6.8,0.161,0.9,1.5
2013,2,56,DET,Peyton Siva,University of Louisville,4,$0.00 ,0,1,24,224,54,14,34,0.316,0.28,0.733,9.3,2.3,0.6,1.4,-0.2,-0.032,-7.3,-0.3
2013,2,57,PHO,Alex Oriakhi,University of Missouri,4,$0.00 ,0,0,,,,,,,,,,,,,,,,
2013,2,51,ORL,Romero Osby,University of Oklahoma,4,$0.00 ,0,0,,,,,,,,,,,,,,,,
2013,2,54,WAS,Arsalan Kazemi,University of Oregon,4,$0.00 ,0,0,,,,,,,,,,,,,,,,
2013,2,46,UTA,Erick Green,Virginia Polytechnic Institute and State University,4,"$606,754.00 ",0,2,52,452,159,37,42,0.377,0.288,0.857,8.7,3.1,0.7,0.8,0.1,0.011,-5.1,-0.3
2014,1,2,MIL,Jabari Parker,Duke University,1,"$15,457,320.00 ",0,3,152,4874,2403,847,314,0.491,0.341,0.748,32.1,15.8,5.6,2.1,9,0.088,-1.3,0.9
2014,1,9,CHH,Noah Vonleh,Indiana University,1,"$7,913,280.00 ",0,3,177,2698,693,778,65,0.444,0.291,0.678,15.2,3.9,4.4,0.4,3.4,0.061,-4.1,-1.4
2014,1,18,PHO,Tyler Ennis,Syracuse University,1,"$4,986,960.00 ",0,3,132,1653,555,155,254,0.419,0.342,0.773,12.5,4.2,1.2,1.9,0.4,0.013,-5.3,-1.4
2014,1,4,ORL,Aaron Gordon,University of Arizona,1,"$12,515,040.00 ",0,3,205,4958,1981,1081,311,0.46,0.289,0.699,24.2,9.7,5.3,1.5,10.1,0.098,-0.1,2.4
2014,1,13,MIN,Zach LaVine,University of California Los Angeles,1,"$6,445,080.00 ",0,3,206,5945,2817,602,666,0.445,0.378,0.821,28.9,13.7,2.9,3.2,4.9,0.039,-2,-0.1
2014,1,1,CLE,Andrew Wiggins,University of Kansas,1,"$17,275,920.00 ",0,3,245,8862,4995,993,523,0.45,0.329,0.76,36.2,20.4,4.1,2.1,10.3,0.056,-2.4,-0.8
2014,1,3,PHI,Joel Embiid,University of Kansas,1,"$13,880,760.00 ",0,1,31,786,627,243,66,0.466,0.367,0.783,25.4,20.2,7.8,2.1,1.9,0.117,3.1,1
2014,1,7,LAL,Julius Randle,University of Kentucky,1,"$9,396,720.00 ",0,3,156,4432,1896,1465,408,0.457,0.273,0.717,28.4,12.2,9.4,2.6,5.1,0.055,-1.9,0.1
2014,1,17,BOS,James Young,University of Kentucky,1,"$5,249,520.00 ",0,3,89,751,202,94,26,0.367,0.276,0.548,8.4,2.3,1.1,0.3,0.7,0.047,-3.8,-0.3
2014,1,23,UTA,Rodney Hood,Duke University,2,"$4,045,320.00 ",0,3,188,5198,2330,586,392,0.415,0.364,0.818,27.6,12.4,3.1,2.1,10.7,0.099,-0.2,2.3
2014,1,19,CHI,Gary Harris,Michigan State University,2,"$4,759,560.00 ",0,3,188,4940,1971,462,340,0.46,0.356,0.79,26.3,10.5,2.5,1.8,7.9,0.077,0,2.5
2014,1,14,PHO,TJ Warren,North Carolina State University,2,"$6,123,120.00 ",0,3,153,3732,1711,571,144,0.502,0.312,0.751,24.4,11.2,3.7,0.9,7.4,0.095,-0.8,1.1
2014,1,6,BOS,Marcus Smart,Oklahoma State University,2,"$10,293,240.00 ",0,3,207,5874,1916,782,757,0.358,0.291,0.762,28.4,9.3,3.8,3.7,9,0.073,0.4,3.6
2014,2,39,PHI,Jerami Grant,Syracuse University,2,"$1,865,310.00 ",0,3,222,4974,1597,764,260,0.412,0.304,0.628,22.4,7.2,3.4,1.2,5.6,0.054,-2.1,-0.1
2014,1,22,MEM,Jordan Adams,University of California Los Angeles,2,"$4,213,800.00 ",0,2,32,263,101,30,19,0.402,0.385,0.607,8.2,3.2,0.9,0.6,0.4,0.07,-0.5,0.1
2014,2,30,SAS,Kyle Anderson,University of California Los Angeles,2,"$3,428,640.00 ",0,3,183,2623,670,524,242,0.442,0.341,0.753,14.3,3.7,2.9,1.3,6.5,0.119,1.1,2.1
2014,1,8,SAC,Nik Stauskas,University of Michigan,2,"$8,608,320.00 ",0,3,226,5124,1692,497,393,0.386,0.343,0.807,22.7,7.5,2.2,1.7,2.4,0.022,-3.2,-1.5
2014,1,21,OKC,Mitch McGary,University of Michigan,2,"$4,389,120.00 ",0,2,52,557,227,183,17,0.527,0,0.58,10.7,4.4,3.5,0.3,1.3,0.108,-3.1,-0.2
2014,2,40,MIN,Glenn Robinson III,University of Michigan,2,"$2,150,500.00 ",0,3,149,2196,663,353,84,0.448,0.376,0.698,14.7,4.4,2.4,0.6,3.4,0.075,-2.3,-0.2
2014,1,26,MIA,P.J. Hairston,University of North Carolina,2,"$2,351,160.00 ",0,2,111,2000,664,266,59,0.343,0.295,0.81,18,6,2.4,0.5,0.9,0.021,-3.9,-1
2014,2,34,NYK,Cleanthony Early,Wichita State University,2,$0.00 ,0,2,56,801,241,123,42,0.346,0.263,0.75,14.3,4.3,2.2,0.8,-0.6,-0.039,-5.7,-0.8
2014,2,55,MIA,Semaj Christon,Xavier University,2,$0.00 ,0,1,64,973,183,87,130,0.345,0.19,0.548,15.2,2.9,1.4,2,0.1,0.006,-6.3,-1.1
2014,2,32,PHI,KJ McDaniels,Clemson University,3,"$6,523,127.00 ",0,3,148,2092,782,324,95,0.412,0.29,0.776,14.1,5.3,2.2,0.6,1.3,0.03,-3.3,-0.7
2014,2,36,MIL,Johnny O'Bryant III,Louisiana State University,3,"$1,606,542.00 ",0,3,111,1305,338,259,55,0.404,0.571,0.603,11.8,3,2.3,0.5,-0.1,-0.003,-6.7,-1.5
2014,2,42,HOU,Nick Johnson,University of Arizona,3,"$845,059.00 ",0,1,28,262,74,39,11,0.347,0.238,0.68,9.4,2.6,1.4,0.4,-0.1,-0.02,-7.3,-0.3
2014,2,38,DET,Spencer Dinwiddie,University of Colorado,3,"$2,271,731.00 ",0,3,105,1948,635,229,311,0.389,0.29,0.779,18.6,6,2.2,3,3,0.074,-2,0
2014,2,37,TOR,DeAndre Daniels,University of Connecticut,3,$0.00 ,0,0,,,,,,,,,,,,,,,,
2014,1,10,PHI,Elfrid Payton,University of Louisiana at Lafayette,3,"$7,517,160.00 ",0,3,237,7046,2555,997,1530,0.446,0.289,0.611,29.7,10.8,4.2,6.5,8.9,0.061,-0.4,2.9
2014,2,46,WAS,Jordan Clarkson,University of Missouri,3,"$13,007,336.00 ",0,3,220,6425,3133,750,611,0.441,0.334,0.809,29.2,14.2,3.4,2.8,5.7,0.042,-1.7,0.6
2014,2,35,UTA,Jarnell Stokes,University of Tennessee,3,"$725,000.00 ",0,3,28,151,67,40,7,0.581,,0.531,5.4,2.4,1.4,0.3,0.6,0.202,1,0.1
2014,2,60,SAS,Cory Jefferson,Baylor University,4,"$49,709.00 ",0,2,58,581,205,161,16,0.444,0.125,0.583,10,3.5,2.8,0.3,0.9,0.071,-4.6,-0.4
2014,1,11,DEN,Doug McDermott,Creighton University,4,"$7,141,440.00 ",0,3,183,3690,1465,417,123,0.446,0.394,0.836,20.2,8,2.3,0.7,5.4,0.07,-3.7,-1.6
2014,1,15,ATL,Adreian Payne,Michigan State University,4,"$5,816,400.00 ",0,3,102,1360,408,306,66,0.399,0.232,0.67,13.3,4,3,0.6,-0.7,-0.026,-5.5,-1.2
2014,2,44,MIN,Markel Brown,Oklahoma State University,4,$0.00 ,0,2,109,1763,579,229,130,0.382,0.297,0.781,16.2,5.3,2.1,1.2,1.1,0.031,-2.7,-0.3
2014,2,59,TOR,Xavier Thames,San Diego State University,4,$0.00 ,0,0,,,,,,,,,,,,,,,,
2014,1,29,OKC,Josh Huestis,Stanford University,4,"$2,331,720.00 ",0,2,7,86,28,19,3,0.478,0.6,0,12.3,4,2.7,0.4,0.2,0.102,-2.7,0
2014,2,45,CHH,Dwight Powell,Stanford University,4,"$8,375,000.00 ",0,3,175,2561,1005,629,102,0.501,0.257,0.75,14.6,5.7,3.6,0.6,8.3,0.156,0.5,1.6
2014,1,24,CHH,Shabazz Napier,University of Connecticut,4,"$3,883,200.00 ",0,3,159,2124,682,229,294,0.373,0.354,0.767,13.4,4.3,1.4,1.8,1.2,0.027,-3.2,-0.6
2014,2,56,DEN,Roy Devyn Marble,University of Iowa,4,$0.00 ,0,2,44,457,97,69,29,0.304,0.222,0.375,10.4,2.2,1.6,0.7,-0.3,-0.028,-5,-0.3
2014,2,47,PHI,Russ Smith,University of Louisville,4,"$1,352,395.00 ",0,2,27,131,53,15,19,0.319,0.188,0.769,4.9,2,0.6,0.7,-0.2,-0.068,-6.4,-0.1
2014,2,49,CHI,Cameron Bairstow,University of New Mexico,4,$0.00 ,0,2,36,167,44,36,7,0.296,0.2,0.846,4.6,1.2,1,0.2,-0.1,-0.021,-7.7,-0.2
2014,2,58,SAS,Jordan McRae,University of Tennessee,4,"$985,832.00 ",1,2,59,579,260,61,44,0.404,0.384,0.774,9.8,4.4,1,0.7,0.5,0.043,-5.7,-0.5
2014,2,33,CLE,Joe Harris,University of Virginia,4,"$884,879.00 ",1,3,108,1646,567,191,82,0.418,0.379,0.688,15.2,5.3,1.8,0.8,0.9,0.027,-3.5,-0.6
2014,1,28,LAC,CJ Wilcox,University of Washington,4,"$3,479,040.00 ",0,3,66,376,132,31,30,0.37,0.333,0.813,5.7,2,0.5,0.5,0.1,0.007,-5.2,-0.3
2014,2,50,PHO,Alec Brown,University of Wisconsin-Green Bay,4,$0.00 ,0,0,,,,,,,,,,,,,,,,
2014,2,48,MIL,Lamar Patterson,University of Pittsburgh,5,"$772,049.00 ",0,2,40,435,93,57,45,0.326,0.236,0.72,10.9,2.3,1.4,1.1,0.1,0.006,-5.5,-0.4
2015,1,7,DEN,Emmanuel Mudiay,,0,"$6,344,040.00 ",0,2,123,3474,1475,410,589,0.369,0.317,0.721,28.2,12,3.3,4.8,-1.9,-0.027,-4.1,-1.8
2015,2,52,DAL,Satnam Singh,,0,$0.00 ,0,0,,,,,,,,,,,,,,,,
2015,1,3,PHI,Jahlil Okafor,Duke University,1,"$9,371,520.00 ",0,2,103,2725,1518,613,123,0.51,0.167,0.679,26.5,14.7,6,1.2,2.4,0.043,-3.8,-1.2
2015,1,10,MIA,Justise Winslow,Duke University,1,"$5,075,160.00 ",0,2,96,2857,698,497,183,0.4,0.258,0.665,29.8,7.3,5.2,1.9,2.4,0.04,-1.1,0.6
2015,1,24,CLE,Tyus Jones,Duke University,1,"$2,621,760.00 ",0,2,97,1347,365,114,264,0.389,0.333,0.744,13.9,3.8,1.2,2.7,1.9,0.067,-2.6,-0.2
2015,1,2,LAL,D'Angelo Russell,Ohio State University,1,"$10,435,920.00 ",0,2,143,4070,2038,495,569,0.408,0.351,0.759,28.5,14.3,3.5,4,1.3,0.015,-1.2,0.8
2015,1,29,BRK,Chris McCullough,Syracuse University,1,"$2,331,720.00 ",0,2,40,442,148,87,11,0.426,0.341,0.5,11.1,3.7,2.2,0.3,0.4,0.049,-1.6,0
2015,1,8,DET,Stanley Johnson,University of Arizona,1,"$5,811,840.00 ",0,2,150,3058,932,495,223,0.367,0.301,0.748,20.4,6.2,3.3,1.5,1,0.016,-2.3,-0.2
2015,2,30,GSW,Kevon Looney,University of California Los Angeles,1,"$2,314,800.00 ",1,2,58,468,144,134,29,0.526,0.273,0.618,8.1,2.5,2.3,0.5,1.5,0.157,0,0.2
2015,1,15,ATL,Kelly Oubre,University of Kansas,1,$0.00 ,0,2,142,2276,737,394,60,0.423,0.296,0.716,16,5.2,2.8,0.4,2.5,0.052,-3.3,-0.8
2015,1,1,MIN,Karl-Anthony Towns,University of Kentucky,1,"$11,663,760.00 ",0,2,164,5657,3564,1865,381,0.542,0.361,0.824,34.5,21.7,11.4,2.3,20.9,0.177,3.9,8.4
2015,1,12,UTA,Trey Lyles,University of Kentucky,1,"$4,580,400.00 ",0,2,151,2540,928,534,128,0.4,0.343,0.708,16.8,6.1,3.5,0.8,3,0.057,-2.9,-0.6
2015,1,13,PHO,Devin Booker,University of Kentucky,1,"$4,351,440.00 ",0,2,154,4838,2774,436,468,0.423,0.354,0.835,31.4,18,2.8,3,3.9,0.038,-2.6,-0.8
2015,1,17,MIL,Rashad Vaughn,University of Nevada Las Vegas,1,"$3,544,080.00 ",0,2,111,1459,359,137,62,0.327,0.303,0.7,13.1,3.2,1.2,0.6,-0.8,-0.026,-5.7,-1.4
2015,1,11,IND,Myles Turner,University of Texas at Austin,1,"$4,821,600.00 ",0,2,141,3908,1792,921,147,0.506,0.333,0.785,27.7,12.7,6.5,1,11.1,0.136,0.7,2.7
2015,1,25,MEM,Jarell Martin,Louisiana State University,2,"$2,517,000.00 ",0,2,69,938,318,248,23,0.419,0.333,0.759,13.6,4.6,3.6,0.3,1.4,0.073,-5.1,-0.7
2015,2,33,BOS,Jordan Mickey,Louisiana State University,2,"$2,394,613.00 ",0,2,41,198,59,47,8,0.411,0,0.542,4.8,1.4,1.1,0.2,0.2,0.045,-4.4,-0.1
2015,1,14,OKC,Cameron Payne,Murray State University,2,"$4,134,000.00 ",0,2,88,1160,443,133,163,0.378,0.32,0.75,13.2,5,1.5,1.9,1,0.042,-3.6,-0.5
2015,1,23,POR,Rondae Hollis-Jefferson,University of Arizona,2,"$2,731,080.00 ",0,2,107,2376,842,606,197,0.438,0.235,0.744,22.2,7.9,5.7,1.8,3.8,0.076,-0.5,0.9
2015,1,22,CHI,Bobby Portis,University of Arkansas,2,"$2,844,840.00 ",0,2,126,2102,873,633,87,0.455,0.324,0.696,16.7,6.9,5,0.7,3.9,0.089,-3.2,-0.6
2015,2,44,PHO,Andrew Harrison,University of Kentucky,2,"$945,000.00 ",0,1,72,1474,425,136,198,0.325,0.276,0.763,20.5,5.9,1.9,2.8,1.6,0.051,-2.4,-0.2
2015,2,48,OKC,Dakari Johnson,University of Kentucky,2,$0.00 ,0,0,,,,,,,,,,,,,,,,
2015,1,16,BOS,Terry Rozier,University of Louisville,2,"$3,730,800.00 ",0,2,113,1574,482,290,168,0.348,0.306,0.776,13.9,4.3,2.6,1.5,1.1,0.034,-3.4,-0.5
2015,1,20,TOR,Delon Wright,University of Utah,2,"$3,086,640.00 ",0,2,54,675,253,85,88,0.434,0.349,0.756,12.5,4.7,1.6,1.6,1.7,0.12,0.5,0.4
2015,2,42,UTA,Olivier Hanlan,Boston College,3,$0.00 ,0,0,,,,,,,,,,,,,,,,
2015,2,37,PHI,Richaun Holmes,Bowling Green State University,3,"$2,100,000.00 ",0,2,108,1895,846,446,91,0.543,0.289,0.695,17.5,7.8,4.1,0.8,5.3,0.133,0.7,1.3
2015,2,51,ORL,Tyler Harvey,Eastern Washington University,3,$0.00 ,0,0,,,,,,,,,,,,,,,,
2015,1,28,BOS,R.J. Hunter,Georgia State University,3,"$2,012,986.00 ",0,2,39,324,97,38,13,0.364,0.297,0.857,8.3,2.5,1,0.3,0.3,0.041,-3.7,-0.1
2015,1,6,SAC,Willie Cauley-Stein,University of Kentucky,3,"$6,949,440.00 ",0,2,141,2833,1074,691,117,0.544,0,0.659,20.1,7.6,4.9,0.8,6.8,0.115,-0.3,1.2
2015,2,32,HOU,Montrezl Harrell,University of Louisville,3,"$2,045,000.00 ",0,2,97,1443,667,284,81,0.651,0.125,0.599,14.9,6.9,2.9,0.8,5,0.166,0.2,0.8
2015,2,58,PHI,J.P. Tokoto,University of North Carolina,3,$0.00 ,0,0,,,,,,,,,,,,,,,,
2015,1,21,DAL,Justin Anderson,University of Virginia,3,"$2,963,160.00 ",0,2,130,1875,740,377,95,0.419,0.289,0.793,14.4,5.7,2.9,0.7,3,0.077,-1.4,0.3
2015,1,18,HOU,Sam Dekker,University of Wisconsin,3,"$3,366,960.00 ",0,2,80,1425,504,285,76,0.473,0.321,0.559,17.8,6.3,3.6,1,3.1,0.105,-1,0.3
2015,2,45,BOS,Marcus Thornton,College of William & Mary,4,"$31,875,600.00 ",0,0,,,,,,,,,,,,,,,,
2015,2,56,NOP,Branden Dawson,Michigan State University,4,"$874,636.00 ",0,1,6,29,5,4,0,0.4,,1,4.8,0.8,0.7,0,0,0.069,-6.6,0
2015,2,53,CLE,Sir'Dominic Pointer,St. John's University,4,$0.00 ,0,0,,,,,,,,,,,,,,,,
2015,2,36,MIN,Rakeem Christmas,Syracuse University,4,"$2,059,368.00 ",0,2,30,225,63,57,4,0.467,,0.724,7.5,2.1,1.9,0.1,0.5,0.105,-4,-0.1
2015,2,46,MIL,Norman Powell,University of California Los Angeles,4,"$650,000.00 ",0,2,125,2093,909,280,129,0.441,0.351,0.797,16.7,7.3,2.2,1,4.4,0.1,-1.1,0.5
2015,2,49,WAS,Aaron White,University of Iowa,4,$0.00 ,0,0,,,,,,,,,,,,,,,,
2015,2,55,SAS,Cady Lalanne,University of Massachusetts Amherst,4,$0.00 ,0,0,,,,,,,,,,,,,,,,
2015,1,19,WAS,Jerian Grant,University of Notre Dame,4,"$3,215,400.00 ",0,2,139,2293,796,254,298,0.408,0.303,0.821,16.5,5.7,1.8,2.1,3.3,0.07,-2,0
2015,2,41,BRK,Pat Connaughton,University of Notre Dame,4,"$1,499,729.00 ",0,2,73,459,134,84,38,0.413,0.407,0.857,6.3,1.8,1.2,0.5,0.4,0.039,-4.3,-0.3
2015,2,43,IND,Joseph Young,University of Oregon,4,$0.00 ,0,2,74,519,222,67,80,0.365,0.217,0.775,7,3,0.9,1.1,-0.1,-0.012,-5.9,-0.5
2015,2,40,MIA,Josh Richardson,University of Tennessee,4,$0.00 ,0,2,105,2721,880,275,213,0.414,0.374,0.729,25.9,8.4,2.6,2,4.7,0.083,0.3,1.6
2015,1,9,CHO,Frank Kaminsky,University of Wisconsin,4,"$5,342,520.00 ",0,2,156,3662,1480,671,260,0.403,0.331,0.743,23.5,9.5,4.3,1.7,5.6,0.073,-1.4,0.6
2015,1,27,LAL,Larry Nance Jr.,University of Wyoming,4,"$2,363,280.00 ",0,2,126,2708,798,681,140,0.526,0.239,0.717,21.5,6.3,5.4,1.1,5.7,0.101,0.4,1.6
2015,2,38,DET,Darrun Hilliard,Villanova University,4,"$600,000.00 ",0,2,77,764,279,78,60,0.385,0.323,0.735,9.9,3.6,1,0.8,0.3,0.02,-4.9,-0.6
2015,2,34,LAL,Anthony Brown,Stanford University,5,"$757,672.00 ",0,2,40,758,158,103,27,0.324,0.278,0.85,19,4,2.6,0.7,-0.3,-0.019,-4.8,-0.5
2016,1,10,MIL,Thon Maker,,0,"$2,568,600.00 ",0,1,57,562,226,114,23,0.459,0.378,0.653,9.9,4,2,0.4,1.3,0.113,-1.5,0.1
2016,1,2,LAL,Brandon Ingram,Duke University,1,"$5,281,680.00 ",0,1,79,2279,740,316,166,0.402,0.294,0.621,28.8,9.4,4,2.1,-0.3,-0.007,-3.8,-1.1
2016,1,19,DEN,Malik Beasley,Florida State University,1,"$1,627,320.00 ",0,1,22,165,83,17,11,0.452,0.321,0.8,7.5,3.8,0.8,0.5,0.2,0.057,-3.9,-0.1
2016,1,1,PHI,Ben Simmons,Louisiana State University,1,"$5,903,160.00 ",0,0,,,,,,,,,,,,,,,,
2016,1,18,DET,Henry Ellenson,Marquette University,1,"$1,704,120.00 ",0,1,19,146,60,41,7,0.359,0.286,0.5,7.7,3.2,2.2,0.4,-0.2,-0.071,-8.2,-0.2
2016,2,31,BOS,Deyonta Davis,Michigan State University,1,"$1,369,299.00 ",0,1,36,238,58,60,2,0.511,,0.556,6.6,1.6,1.7,0.1,0.5,0.097,-3.7,-0.1
2016,1,22,CHO,Malachi Richardson,Syracuse University,1,"$1,439,800.00 ",0,1,22,198,79,23,11,0.412,0.286,0.789,9,3.6,1,0.5,0.1,0.028,-5.5,-0.2
2016,1,3,BOS,Jaylen Brown,University of California,1,"$4,743,000.00 ",0,1,78,1341,515,220,64,0.454,0.341,0.685,17.2,6.6,2.8,0.8,1.5,0.053,-4,-0.7
2016,2,33,LAC,Cheick Diallo,University of Kansas,1,"$543,471.00 ",0,1,17,199,87,73,4,0.474,,0.714,11.7,5.1,4.3,0.2,0.5,0.111,-5.6,-0.2
2016,1,7,DEN,Jamal Murray,University of Kentucky,1,"$3,210,840.00 ",0,1,82,1764,811,214,170,0.404,0.334,0.883,21.5,9.9,2.6,2.1,1.3,0.037,-2.6,-0.3
2016,1,28,PHO,Skal Labissiere,University of Kentucky,1,"$1,188,840.00 ",0,1,33,612,289,162,27,0.537,0.375,0.703,18.5,8.8,4.9,0.8,1.3,0.099,-2.6,-0.1
2016,2,40,NOP,Diamond Stone,University of Maryland,1,"$543,471.00 ",0,1,7,24,10,6,0,0.231,,1,3.4,1.4,0.9,0,-0.1,-0.211,-24.1,-0.1
2016,2,41,ORL,Stephen Zimmerman,University of Nevada Las Vegas,1,"$950,000.00 ",0,1,19,108,23,35,4,0.323,,0.6,5.7,1.2,1.8,0.2,0,-0.005,-7.3,-0.1
2016,1,8,SAC,Marquese Chriss,University of Washington,1,"$2,941,440.00 ",0,1,82,1743,753,348,60,0.449,0.321,0.624,21.3,9.2,4.2,0.7,1.8,0.05,-1.6,0.2
2016,1,29,SAS,Dejounte Murray,University of Washington,1,"$1,180,080.00 ",0,1,38,322,130,42,48,0.431,0.391,0.7,8.5,3.4,1.1,1.3,0,0.004,-4.8,-0.2
2016,1,11,ORL,Domantas Sabonis,Gonzaga University,2,"$2,440,200.00 ",0,1,81,1632,479,288,82,0.399,0.321,0.657,20.1,5.9,3.6,1,0.8,0.022,-4.8,-1.2
2016,1,27,TOR,Pascal Siakam,New Mexico State University,2,"$1,196,040.00 ",0,1,55,859,229,185,17,0.502,0.143,0.688,15.6,4.2,3.4,0.3,1.6,0.089,-1.1,0.2
2016,2,51,BOS,Ben Bentil,Providence College,2,$0.00 ,0,1,3,10,0,2,0,0,0,,3.3,0,0.7,0,-0.1,-0.473,-26.9,-0.1
2016,2,42,UTA,Isaiah Whitehead,Seton Hall University,2,"$1,074,145.00 ",0,1,73,1643,543,184,192,0.402,0.295,0.805,22.5,7.4,2.5,2.6,-0.8,-0.023,-4.9,-1.2
2016,2,56,DEN,Daniel Hamilton,University of Connecticut,2,$0.00 ,0,0,,,,,,,,,,,,,,,,
2016,2,34,PHO,Tyler Ulis,University of Kentucky,2,"$918,369.00 ",0,1,61,1123,444,95,226,0.421,0.266,0.775,18.4,7.3,1.6,3.7,0.7,0.029,-4,-0.6
2016,2,37,HOU,Chinanu Onuaku,University of Louisville,2,$0.00 ,0,1,5,52,14,10,3,0.714,,1,10.4,2.8,2,0.6,0.1,0.123,-0.6,0
2016,2,38,MIL,Patrick McCaw,University of Nevada Las Vegas,2,"$543,471.00 ",1,1,71,1074,282,100,77,0.433,0.333,0.784,15.1,4,1.4,1.1,1.7,0.077,-1.8,0.1
2016,1,9,TOR,Jakob Poeltl,University of Utah,2,"$2,703,960.00 ",0,1,54,626,165,165,12,0.583,,0.544,11.6,3.1,3.1,0.2,1.6,0.125,-0.7,0.2
2016,1,17,MEM,Wade Baldwin,Vanderbilt University,2,$0.00 ,0,1,33,405,106,46,61,0.313,0.136,0.838,12.3,3.2,1.4,1.8,-0.3,-0.041,-5.7,-0.4
2016,2,54,ATL,Kay Felder,Oakland University,3,$0.00 ,0,1,42,386,166,41,58,0.392,0.318,0.714,9.2,4,1,1.4,0.1,0.008,-6,-0.4
2016,1,21,ATL,DeAndre Bembry,Saint Joseph's University,3,$0.00 ,0,1,38,371,101,59,28,0.48,0.056,0.375,9.8,2.7,1.6,0.7,0.3,0.038,-4.3,-0.2
2016,2,45,BOS,Demetrius Jackson,University of Notre Dame,3,"$1,450,000.00 ",0,1,5,17,10,4,3,0.75,1,0.5,3.4,2,0.8,0.6,0.1,0.386,6.3,0
2016,2,30,GSW,Damian Jones,Vanderbilt University,3,"$1,171,560.00 ",1,1,10,85,19,23,0,0.5,,0.3,8.5,1.9,2.3,0,0,0.018,-9.6,-0.2
2016,1,12,UTA,Taurean Prince,Baylor University,4,"$2,318,280.00 ",0,1,59,981,335,157,55,0.4,0.324,0.787,16.6,5.7,2.7,0.9,1.1,0.054,-2.3,-0.1
2016,2,50,IND,Georges Niang,Iowa State University,4,"$650,000.00 ",0,1,23,93,21,17,5,0.25,0.083,1,4,0.9,0.7,0.2,-0.3,-0.168,-12,-0.2
2016,2,58,BOS,Abdel Nader,Iowa State University,4,$0.00 ,0,0,,,,,,,,,,,,,,,,
2016,1,14,CHI,Denzel Valentine,Michigan State University,4,"$2,092,200.00 ",0,1,57,976,291,151,63,0.354,0.351,0.778,17.1,5.1,2.6,1.1,0.6,0.031,-2.7,-0.2
2016,1,5,MIN,Kris Dunn,Providence College,4,"$3,872,520.00 ",0,1,78,1333,293,166,188,0.377,0.288,0.61,17.1,3.8,2.1,2.4,0.1,0.004,-2.2,-0.1
2016,2,46,DAL,AJ Hammons,Purdue University,4,"$650,000.00 ",0,1,22,163,48,36,4,0.405,0.5,0.45,7.4,2.2,1.6,0.2,0,-0.001,-5.6,-0.1
2016,2,49,DET,Michael Gbinije,Syracuse University,4,"$650,000.00 ",0,1,9,32,4,3,2,0.1,0,1,3.6,0.4,0.3,0.2,-0.1,-0.136,-10.5,-0.1
2016,2,60,UTA,Tyrone Wallace,University of California,4,$0.00 ,0,0,,,,,,,,,,,,,,,,
2016,2,47,ORL,Jake Layman,University of Maryland,4,"$600,000.00 ",0,1,35,249,78,24,11,0.292,0.255,0.765,7.1,2.2,0.7,0.3,-0.3,-0.054,-7.4,-0.3
2016,1,20,IND,Caris LeVert,University of Michigan,4,"$1,562,280.00 ",0,1,57,1237,468,188,110,0.45,0.321,0.72,21.7,8.2,3.3,1.9,1.8,0.07,-1.1,0.3
2016,1,25,LAC,Brice Johnson,University of North Carolina,4,"$1,273,920.00 ",0,1,3,9,4,3,1,0.286,,,3,1.3,1,0.3,0,-0.165,1.3,0
2016,2,55,BRK,Marcus Paige,University of North Carolina,4,$0.00 ,0,0,,,,,,,,,,,,,,,,
2016,1,6,NOP,Buddy Hield,University of Oklahoma,4,"$3,517,200.00 ",0,1,82,1888,866,269,121,0.426,0.391,0.842,23,10.6,3.3,1.5,1.3,0.032,-2.7,-0.4
2016,2,59,SAC,Isaiah Cousins,University of Oklahoma,4,$0.00 ,0,0,,,,,,,,,,,,,,,,
2016,2,36,MIL,Malcolm Brogdon,University of Virginia,4,"$925,000.00 ",0,1,75,1982,767,213,317,0.457,0.404,0.865,26.4,10.2,2.8,4.2,4.1,0.1,-0.5,0.8
2016,2,52,UTA,Joel Bolomboy,Weber State University,4,"$600,000.00 ",0,1,12,53,22,17,2,0.563,0.25,0.5,4.4,1.8,1.4,0.2,0.2,0.171,-0.8,0
